dataset,model,sensitive,compression,seed,n_test,demographic_parity_difference,accuracy,positive_prediction_rate,mean_ece_per_group,ece_disparity,entropy_disparity,mi_disparity,config_hash,python,versions
folktables,logreg,sex,none,0,8000,0.019406,0.786,0.396,0.02071,0.007287,0.021723,0.000151,02a228ffb291,3.11.15,"{""tinyaudit"": ""0.1.0"", ""numpy"": ""1.26.4"", ""pandas"": ""3.0.5"", ""scikit-learn"": ""1.9.0"", ""torch"": ""2.13.0"", ""folktables"": ""0.0.12""}"
folktables,logreg,sex,prune:0.3,0,8000,0.028688,0.78775,0.38925,0.029776,0.015486,0.01659,0.000169,431dacfddb5e,3.11.15,"{""tinyaudit"": ""0.1.0"", ""numpy"": ""1.26.4"", ""pandas"": ""3.0.5"", ""scikit-learn"": ""1.9.0"", ""torch"": ""2.13.0"", ""folktables"": ""0.0.12""}"
folktables,logreg,sex,prune:0.5,0,8000,0.040408,0.785125,0.380875,0.033151,0.013959,0.013259,0.000161,60b1933db56e,3.11.15,"{""tinyaudit"": ""0.1.0"", ""numpy"": ""1.26.4"", ""pandas"": ""3.0.5"", ""scikit-learn"": ""1.9.0"", ""torch"": ""2.13.0"", ""folktables"": ""0.0.12""}"
folktables,logreg,sex,prune:0.7,0,8000,0.063516,0.753125,0.358125,0.05381,0.007674,0.01486,0.000161,abe007446da8,3.11.15,"{""tinyaudit"": ""0.1.0"", ""numpy"": ""1.26.4"", ""pandas"": ""3.0.5"", ""scikit-learn"": ""1.9.0"", ""torch"": ""2.13.0"", ""folktables"": ""0.0.12""}"
folktables,logreg,sex,prune:0.9,0,8000,0.0,0.5935,0.0,0.052501,0.098598,0.0,0.0,b9bde00d7fc4,3.11.15,"{""tinyaudit"": ""0.1.0"", ""numpy"": ""1.26.4"", ""pandas"": ""3.0.5"", ""scikit-learn"": ""1.9.0"", ""torch"": ""2.13.0"", ""folktables"": ""0.0.12""}"
folktables,logreg,race,none,0,8000,0.433333,0.786,0.396,0.101463,0.411878,0.28839,0.00119,77575c6ef982,3.11.15,"{""tinyaudit"": ""0.1.0"", ""numpy"": ""1.26.4"", ""pandas"": ""3.0.5"", ""scikit-learn"": ""1.9.0"", ""torch"": ""2.13.0"", ""folktables"": ""0.0.12""}"
folktables,logreg,race,prune:0.3,0,8000,0.505669,0.78775,0.38925,0.135877,0.412098,0.244643,0.001034,9cc7ac167606,3.11.15,"{""tinyaudit"": ""0.1.0"", ""numpy"": ""1.26.4"", ""pandas"": ""3.0.5"", ""scikit-learn"": ""1.9.0"", ""torch"": ""2.13.0"", ""folktables"": ""0.0.12""}"
folktables,logreg,race,prune:0.5,0,8000,0.492063,0.785125,0.380875,0.111726,0.408065,0.220473,0.001158,22a26d30161b,3.11.15,"{""tinyaudit"": ""0.1.0"", ""numpy"": ""1.26.4"", ""pandas"": ""3.0.5"", ""scikit-learn"": ""1.9.0"", ""torch"": ""2.13.0"", ""folktables"": ""0.0.12""}"
folktables,logreg,race,prune:0.7,0,8000,0.502646,0.753125,0.358125,0.109048,0.29757,0.089286,0.000723,d7381833b1bd,3.11.15,"{""tinyaudit"": ""0.1.0"", ""numpy"": ""1.26.4"", ""pandas"": ""3.0.5"", ""scikit-learn"": ""1.9.0"", ""torch"": ""2.13.0"", ""folktables"": ""0.0.12""}"
folktables,logreg,race,prune:0.9,0,8000,0.0,0.5935,0.0,0.097335,0.186452,0.0,0.0,329f216036a8,3.11.15,"{""tinyaudit"": ""0.1.0"", ""numpy"": ""1.26.4"", ""pandas"": ""3.0.5"", ""scikit-learn"": ""1.9.0"", ""torch"": ""2.13.0"", ""folktables"": ""0.0.12""}"
folktables,logreg,sex,none,1,8000,0.043011,0.779375,0.398,0.026903,0.005991,0.019508,0.000272,5fe5e62eebad,3.11.15,"{""tinyaudit"": ""0.1.0"", ""numpy"": ""1.26.4"", ""pandas"": ""3.0.5"", ""scikit-learn"": ""1.9.0"", ""torch"": ""2.13.0"", ""folktables"": ""0.0.12""}"
folktables,logreg,sex,prune:0.3,1,8000,0.048489,0.777875,0.39025,0.03026,0.010332,0.016688,0.000333,0ed40ef1cdf5,3.11.15,"{""tinyaudit"": ""0.1.0"", ""numpy"": ""1.26.4"", ""pandas"": ""3.0.5"", ""scikit-learn"": ""1.9.0"", ""torch"": ""2.13.0"", ""folktables"": ""0.0.12""}"
folktables,logreg,sex,prune:0.5,1,8000,0.05691,0.77375,0.389125,0.032232,0.017252,0.013563,0.000336,391cd26dd73b,3.11.15,"{""tinyaudit"": ""0.1.0"", ""numpy"": ""1.26.4"", ""pandas"": ""3.0.5"", ""scikit-learn"": ""1.9.0"", ""torch"": ""2.13.0"", ""folktables"": ""0.0.12""}"
folktables,logreg,sex,prune:0.7,1,8000,0.074552,0.748625,0.36625,0.056798,0.010254,0.013743,2.1e-05,9ef13a169dff,3.11.15,"{""tinyaudit"": ""0.1.0"", ""numpy"": ""1.26.4"", ""pandas"": ""3.0.5"", ""scikit-learn"": ""1.9.0"", ""torch"": ""2.13.0"", ""folktables"": ""0.0.12""}"
folktables,logreg,sex,prune:0.9,1,8000,0.0,0.586375,0.0,0.071858,0.123278,0.0,0.0,b049f93d30fa,3.11.15,"{""tinyaudit"": ""0.1.0"", ""numpy"": ""1.26.4"", ""pandas"": ""3.0.5"", ""scikit-learn"": ""1.9.0"", ""torch"": ""2.13.0"", ""folktables"": ""0.0.12""}"
folktables,logreg,race,none,1,8000,0.352811,0.779375,0.398,0.069487,0.152196,0.113314,0.00187,7ed08acadfc3,3.11.15,"{""tinyaudit"": ""0.1.0"", ""numpy"": ""1.26.4"", ""pandas"": ""3.0.5"", ""scikit-learn"": ""1.9.0"", ""torch"": ""2.13.0"", ""folktables"": ""0.0.12""}"
folktables,logreg,race,prune:0.3,1,8000,0.372441,0.777875,0.39025,0.062635,0.157945,0.106564,0.001641,c682d8c6e6cc,3.11.15,"{""tinyaudit"": ""0.1.0"", ""numpy"": ""1.26.4"", ""pandas"": ""3.0.5"", ""scikit-learn"": ""1.9.0"", ""torch"": ""2.13.0"", ""folktables"": ""0.0.12""}"
folktables,logreg,race,prune:0.5,1,8000,0.379476,0.77375,0.389125,0.06955,0.193063,0.1095,0.001545,fa8645f29b58,3.11.15,"{""tinyaudit"": ""0.1.0"", ""numpy"": ""1.26.4"", ""pandas"": ""3.0.5"", ""scikit-learn"": ""1.9.0"", ""torch"": ""2.13.0"", ""folktables"": ""0.0.12""}"
folktables,logreg,race,prune:0.7,1,8000,0.455703,0.748625,0.36625,0.101296,0.2055,0.084964,0.001171,b9727280a3bc,3.11.15,"{""tinyaudit"": ""0.1.0"", ""numpy"": ""1.26.4"", ""pandas"": ""3.0.5"", ""scikit-learn"": ""1.9.0"", ""torch"": ""2.13.0"", ""folktables"": ""0.0.12""}"
folktables,logreg,race,prune:0.9,1,8000,0.0,0.586375,0.0,0.095449,0.247272,0.0,0.0,4c9e73f1b052,3.11.15,"{""tinyaudit"": ""0.1.0"", ""numpy"": ""1.26.4"", ""pandas"": ""3.0.5"", ""scikit-learn"": ""1.9.0"", ""torch"": ""2.13.0"", ""folktables"": ""0.0.12""}"
folktables,logreg,sex,none,2,8000,0.0406,0.778375,0.391375,0.012001,0.011778,0.0237,0.00015,de042a6115d2,3.11.15,"{""tinyaudit"": ""0.1.0"", ""numpy"": ""1.26.4"", ""pandas"": ""3.0.5"", ""scikit-learn"": ""1.9.0"", ""torch"": ""2.13.0"", ""folktables"": ""0.0.12""}"
folktables,logreg,sex,prune:0.3,2,8000,0.034215,0.772125,0.380875,0.01905,0.016844,0.020822,0.000163,b24c0f151e02,3.11.15,"{""tinyaudit"": ""0.1.0"", ""numpy"": ""1.26.4"", ""pandas"": ""3.0.5"", ""scikit-learn"": ""1.9.0"", ""torch"": ""2.13.0"", ""folktables"": ""0.0.12""}"
folktables,logreg,sex,prune:0.5,2,8000,0.043356,0.7695,0.3775,0.022683,0.013536,0.015932,0.00023,c9452be027ef,3.11.15,"{""tinyaudit"": ""0.1.0"", ""numpy"": ""1.26.4"", ""pandas"": ""3.0.5"", ""scikit-learn"": ""1.9.0"", ""torch"": ""2.13.0"", ""folktables"": ""0.0.12""}"
folktables,logreg,sex,prune:0.7,2,8000,0.075583,0.74875,0.35775,0.051321,0.00523,0.013853,0.000108,4c1c50545e8d,3.11.15,"{""tinyaudit"": ""0.1.0"", ""numpy"": ""1.26.4"", ""pandas"": ""3.0.5"", ""scikit-learn"": ""1.9.0"", ""torch"": ""2.13.0"", ""folktables"": ""0.0.12""}"
folktables,logreg,sex,prune:0.9,2,8000,0.0,0.58725,0.0,0.062715,0.114256,0.0,0.0,f6419ffdd7c4,3.11.15,"{""tinyaudit"": ""0.1.0"", ""numpy"": ""1.26.4"", ""pandas"": ""3.0.5"", ""scikit-learn"": ""1.9.0"", ""torch"": ""2.13.0"", ""folktables"": ""0.0.12""}"
folktables,logreg,race,none,2,8000,0.868958,0.778375,0.391375,0.098777,0.340477,0.175731,0.001999,4c456c25b0ac,3.11.15,"{""tinyaudit"": ""0.1.0"", ""numpy"": ""1.26.4"", ""pandas"": ""3.0.5"", ""scikit-learn"": ""1.9.0"", ""torch"": ""2.13.0"", ""folktables"": ""0.0.12""}"
folktables,logreg,race,prune:0.3,2,8000,0.874329,0.772125,0.380875,0.12131,0.558801,0.159043,0.001441,7259e76c9f84,3.11.15,"{""tinyaudit"": ""0.1.0"", ""numpy"": ""1.26.4"", ""pandas"": ""3.0.5"", ""scikit-learn"": ""1.9.0"", ""torch"": ""2.13.0"", ""folktables"": ""0.0.12""}"
folktables,logreg,race,prune:0.5,2,8000,0.876477,0.7695,0.3775,0.105763,0.315283,0.136636,0.001266,70df1a0602ab,3.11.15,"{""tinyaudit"": ""0.1.0"", ""numpy"": ""1.26.4"", ""pandas"": ""3.0.5"", ""scikit-learn"": ""1.9.0"", ""torch"": ""2.13.0"", ""folktables"": ""0.0.12""}"
folktables,logreg,race,prune:0.7,2,8000,0.923077,0.74875,0.35775,0.105866,0.197245,0.126427,0.001666,9ab486a0dae0,3.11.15,"{""tinyaudit"": ""0.1.0"", ""numpy"": ""1.26.4"", ""pandas"": ""3.0.5"", ""scikit-learn"": ""1.9.0"", ""torch"": ""2.13.0"", ""folktables"": ""0.0.12""}"
folktables,logreg,race,prune:0.9,2,8000,0.0,0.58725,0.0,0.076533,0.158133,0.0,0.0,021d721bd8ca,3.11.15,"{""tinyaudit"": ""0.1.0"", ""numpy"": ""1.26.4"", ""pandas"": ""3.0.5"", ""scikit-learn"": ""1.9.0"", ""torch"": ""2.13.0"", ""folktables"": ""0.0.12""}"
