dataset,model,seed,n_train,n_test,n_features,accuracy,f1,roc_auc,n_params,flops,peak_ram_bytes,wall_clock_s_per_sample,config_hash,python,versions
adult,logreg,0,36631,12211,101,0.853902,0.663396,0.904247,102,1245522,343422,7.6e-08,843c628f059c,3.11.15,"{""tinyaudit"": ""0.1.0"", ""numpy"": ""1.26.4"", ""pandas"": ""3.0.3"", ""scikit-learn"": ""1.9.0"", ""torch"": ""2.12.0""}"
adult,tree,0,36631,12211,101,0.820408,0.625448,0.754408,10479,127959069,5325144,2.89e-07,fb633f121bc6,3.11.15,"{""tinyaudit"": ""0.1.0"", ""numpy"": ""1.26.4"", ""pandas"": ""3.0.3"", ""scikit-learn"": ""1.9.0"", ""torch"": ""2.12.0""}"
adult,mlp,0,36631,12211,101,0.840717,0.652244,0.886084,4353,53154483,6253060,4.05e-07,4e7f9bf75e8f,3.11.15,"{""tinyaudit"": ""0.1.0"", ""numpy"": ""1.26.4"", ""pandas"": ""3.0.3"", ""scikit-learn"": ""1.9.0"", ""torch"": ""2.12.0""}"
compas,logreg,0,4629,1543,5,0.683085,0.600816,0.734513,6,9258,63835,6.4e-08,71424c152888,3.11.15,"{""tinyaudit"": ""0.1.0"", ""numpy"": ""1.26.4"", ""pandas"": ""3.0.3"", ""scikit-learn"": ""1.9.0"", ""torch"": ""2.12.0""}"
compas,tree,0,4629,1543,5,0.640311,0.529262,0.656177,1423,2195689,81336,8.4e-08,5002f7774f1a,3.11.15,"{""tinyaudit"": ""0.1.0"", ""numpy"": ""1.26.4"", ""pandas"": ""3.0.3"", ""scikit-learn"": ""1.9.0"", ""torch"": ""2.12.0""}"
compas,mlp,0,4629,1543,5,0.686325,0.633333,0.739432,1281,1976583,791044,6.97e-07,781c23a81b5c,3.11.15,"{""tinyaudit"": ""0.1.0"", ""numpy"": ""1.26.4"", ""pandas"": ""3.0.3"", ""scikit-learn"": ""1.9.0"", ""torch"": ""2.12.0""}"
folktables,logreg,0,146748,48917,8,0.782284,0.730965,0.856646,9,440253,1371190,1.8e-08,810ff88a6b3e,3.11.15,"{""tinyaudit"": ""0.1.0"", ""numpy"": ""1.26.4"", ""pandas"": ""3.0.3"", ""scikit-learn"": ""1.9.0"", ""torch"": ""2.12.0""}"
folktables,tree,0,146748,48917,8,0.752928,0.699458,0.746967,62773,3070666841,3131836,1.62e-07,a3ce7aed595e,3.11.15,"{""tinyaudit"": ""0.1.0"", ""numpy"": ""1.26.4"", ""pandas"": ""3.0.3"", ""scikit-learn"": ""1.9.0"", ""torch"": ""2.12.0""}"
folktables,mlp,0,146748,48917,8,0.811456,0.766441,0.891358,1377,67358709,25046532,2.23e-07,191b2d8f5336,3.11.15,"{""tinyaudit"": ""0.1.0"", ""numpy"": ""1.26.4"", ""pandas"": ""3.0.3"", ""scikit-learn"": ""1.9.0"", ""torch"": ""2.12.0""}"
