dataset,model,sensitive,compression,metric,n_pairs,mean_diff,std_diff,ci_lo,ci_hi,t_stat,p_value,cohens_dz,ci_excludes_zero
adult,logreg,race,int8,demographic_parity_difference,10,0.0,0.0,0.0,0.0,0.0,1.0,0.0,False
adult,logreg,race,int8,equalized_odds_difference,10,0.0,0.0,0.0,0.0,0.0,1.0,0.0,False
adult,logreg,race,int8,disparate_impact_ratio,10,0.0,0.0,0.0,0.0,0.0,1.0,0.0,False
adult,logreg,race,int8,accuracy,10,0.0,0.0,0.0,0.0,0.0,1.0,0.0,False
adult,logreg,race,int8,balanced_accuracy,10,0.0,0.0,0.0,0.0,0.0,1.0,0.0,False
adult,logreg,race,int8,positive_prediction_rate,10,0.0,0.0,0.0,0.0,0.0,1.0,0.0,False
adult,logreg,race,prune:0.3,demographic_parity_difference,10,-0.003045,0.006427,-0.007642,0.001553,-1.498062,0.168344,-0.473729,False
adult,logreg,race,prune:0.3,equalized_odds_difference,10,-0.002288,0.006929,-0.007245,0.002669,-1.044083,0.323679,-0.330168,False
adult,logreg,race,prune:0.3,disparate_impact_ratio,10,0.007205,0.016523,-0.004615,0.019026,1.379014,0.201192,0.436083,False
adult,logreg,race,prune:0.3,accuracy,10,0.000262,0.000382,-1.1e-05,0.000535,2.170557,0.058061,0.68639,False
adult,logreg,race,prune:0.3,balanced_accuracy,10,-0.000438,0.000663,-0.000912,3.7e-05,-2.087882,0.066411,-0.660246,False
adult,logreg,race,prune:0.3,positive_prediction_rate,10,-0.001114,0.00103,-0.001851,-0.000377,-3.419184,0.007638,-1.081241,True
adult,logreg,race,prune:0.3,mean_ece_per_group,10,-0.000706,0.003829,-0.003446,0.002033,-0.583361,0.573976,-0.184475,False
adult,logreg,race,prune:0.3,ece_disparity,10,-0.00205,0.006866,-0.006961,0.002862,-0.944029,0.369806,-0.298528,False
adult,logreg,race,prune:0.5,demographic_parity_difference,10,-0.007525,0.014502,-0.017899,0.002849,-1.640872,0.135243,-0.518889,False
adult,logreg,race,prune:0.5,equalized_odds_difference,10,-0.007603,0.053245,-0.045692,0.030486,-0.451539,0.662286,-0.142789,False
adult,logreg,race,prune:0.5,disparate_impact_ratio,10,0.003897,0.036985,-0.022561,0.030355,0.333214,0.746604,0.105372,False
adult,logreg,race,prune:0.5,accuracy,10,0.000377,0.000816,-0.000207,0.000961,1.45899,0.178568,0.461373,False
adult,logreg,race,prune:0.5,balanced_accuracy,10,-0.001805,0.00139,-0.0028,-0.00081,-4.105083,0.002656,-1.298141,True
adult,logreg,race,prune:0.5,positive_prediction_rate,10,-0.003243,0.001582,-0.004375,-0.002111,-6.480885,0.000114,-2.049436,True
adult,logreg,race,prune:0.5,mean_ece_per_group,10,4e-05,0.003944,-0.002782,0.002862,0.031989,0.975179,0.010116,False
adult,logreg,race,prune:0.5,ece_disparity,10,-0.001898,0.009531,-0.008716,0.00492,-0.629809,0.544475,-0.199163,False
adult,logreg,race,prune:0.7,demographic_parity_difference,10,-0.006682,0.014279,-0.016896,0.003532,-1.479856,0.173043,-0.467971,False
adult,logreg,race,prune:0.7,equalized_odds_difference,10,-0.05291,0.073291,-0.105339,-0.000481,-2.282892,0.048333,-0.721914,True
adult,logreg,race,prune:0.7,disparate_impact_ratio,10,0.022409,0.04078,-0.006764,0.051582,1.737686,0.116273,0.549505,False
adult,logreg,race,prune:0.7,accuracy,10,-0.004078,0.001428,-0.0051,-0.003057,-9.029106,8e-06,-2.855254,True
adult,logreg,race,prune:0.7,balanced_accuracy,10,-0.018257,0.004284,-0.021322,-0.015192,-13.475497,0.0,-4.261326,True
adult,logreg,race,prune:0.7,positive_prediction_rate,10,-0.017673,0.004515,-0.020902,-0.014443,-12.378608,1e-06,-3.91446,True
adult,logreg,race,prune:0.7,mean_ece_per_group,10,-0.000942,0.005165,-0.004636,0.002753,-0.576449,0.578441,-0.182289,False
adult,logreg,race,prune:0.7,ece_disparity,10,-0.004439,0.00826,-0.010347,0.00147,-1.699366,0.12347,-0.537387,False
adult,logreg,race,prune:0.9,demographic_parity_difference,10,-0.069216,0.024215,-0.086539,-0.051894,-9.039051,8e-06,-2.858399,True
adult,logreg,race,prune:0.9,equalized_odds_difference,10,-0.055636,0.099715,-0.126968,0.015696,-1.764394,0.111488,-0.55795,False
adult,logreg,race,prune:0.9,disparate_impact_ratio,10,0.001013,0.070144,-0.049164,0.051191,0.045683,0.964561,0.014446,False
adult,logreg,race,prune:0.9,accuracy,10,-0.027213,0.004477,-0.030416,-0.02401,-19.2219,0.0,-6.078499,True
adult,logreg,race,prune:0.9,balanced_accuracy,10,-0.090172,0.011347,-0.098289,-0.082055,-25.130524,0.0,-7.94697,True
adult,logreg,race,prune:0.9,positive_prediction_rate,10,-0.073729,0.008276,-0.079649,-0.067808,-28.171951,0.0,-8.908753,True
adult,logreg,race,prune:0.9,mean_ece_per_group,10,0.008111,0.00854,0.002002,0.014219,3.003433,0.014873,0.949769,True
adult,logreg,race,prune:0.9,ece_disparity,10,-0.013308,0.011844,-0.02178,-0.004835,-3.553101,0.006186,-1.123589,True
adult,logreg,sex,int8,demographic_parity_difference,10,0.0,0.0,0.0,0.0,0.0,1.0,0.0,False
adult,logreg,sex,int8,equalized_odds_difference,10,0.0,0.0,0.0,0.0,0.0,1.0,0.0,False
adult,logreg,sex,int8,disparate_impact_ratio,10,0.0,0.0,0.0,0.0,0.0,1.0,0.0,False
adult,logreg,sex,int8,accuracy,10,0.0,0.0,0.0,0.0,0.0,1.0,0.0,False
adult,logreg,sex,int8,balanced_accuracy,10,0.0,0.0,0.0,0.0,0.0,1.0,0.0,False
adult,logreg,sex,int8,positive_prediction_rate,10,0.0,0.0,0.0,0.0,0.0,1.0,0.0,False
adult,logreg,sex,prune:0.3,demographic_parity_difference,10,-0.001109,0.001933,-0.002492,0.000274,-1.813576,0.103149,-0.573503,False
adult,logreg,sex,prune:0.3,equalized_odds_difference,10,-0.001945,0.004159,-0.00492,0.00103,-1.479045,0.173254,-0.467715,False
adult,logreg,sex,prune:0.3,disparate_impact_ratio,10,0.000357,0.00316,-0.001904,0.002617,0.35681,0.729457,0.112833,False
adult,logreg,sex,prune:0.3,accuracy,10,0.000262,0.000382,-1.1e-05,0.000535,2.170557,0.058061,0.68639,False
adult,logreg,sex,prune:0.3,balanced_accuracy,10,-0.000438,0.000663,-0.000912,3.7e-05,-2.087882,0.066411,-0.660246,False
adult,logreg,sex,prune:0.3,positive_prediction_rate,10,-0.001114,0.00103,-0.001851,-0.000377,-3.419184,0.007638,-1.081241,True
adult,logreg,sex,prune:0.3,mean_ece_per_group,10,-0.000144,0.000649,-0.000608,0.000321,-0.699817,0.501728,-0.221302,False
adult,logreg,sex,prune:0.3,ece_disparity,10,8.4e-05,0.000949,-0.000595,0.000763,0.281147,0.784954,0.088907,False
adult,logreg,sex,prune:0.5,demographic_parity_difference,10,-0.004587,0.002525,-0.006393,-0.00278,-5.744109,0.000278,-1.816447,True
adult,logreg,sex,prune:0.5,equalized_odds_difference,10,-0.006835,0.00445,-0.010019,-0.003651,-4.856858,0.0009,-1.535873,True
adult,logreg,sex,prune:0.5,disparate_impact_ratio,10,0.005244,0.004547,0.001992,0.008497,3.647502,0.005338,1.153441,True
adult,logreg,sex,prune:0.5,accuracy,10,0.000377,0.000816,-0.000207,0.000961,1.45899,0.178568,0.461373,False
adult,logreg,sex,prune:0.5,balanced_accuracy,10,-0.001805,0.00139,-0.0028,-0.00081,-4.105083,0.002656,-1.298141,True
adult,logreg,sex,prune:0.5,positive_prediction_rate,10,-0.003243,0.001582,-0.004375,-0.002111,-6.480885,0.000114,-2.049436,True
adult,logreg,sex,prune:0.5,mean_ece_per_group,10,0.000423,0.00119,-0.000428,0.001274,1.123718,0.290211,0.355351,False
adult,logreg,sex,prune:0.5,ece_disparity,10,0.000196,0.001895,-0.00116,0.001551,0.326601,0.751437,0.10328,False
adult,logreg,sex,prune:0.7,demographic_parity_difference,10,-0.019924,0.00904,-0.026391,-0.013457,-6.969477,6.5e-05,-2.203942,True
adult,logreg,sex,prune:0.7,equalized_odds_difference,10,-0.014729,0.026518,-0.033699,0.004241,-1.756427,0.112896,-0.555431,False
adult,logreg,sex,prune:0.7,disparate_impact_ratio,10,0.014913,0.024816,-0.00284,0.032666,1.900318,0.089842,0.600933,False
adult,logreg,sex,prune:0.7,accuracy,10,-0.004078,0.001428,-0.0051,-0.003057,-9.029106,8e-06,-2.855254,True
adult,logreg,sex,prune:0.7,balanced_accuracy,10,-0.018257,0.004284,-0.021322,-0.015192,-13.475497,0.0,-4.261326,True
adult,logreg,sex,prune:0.7,positive_prediction_rate,10,-0.017673,0.004515,-0.020902,-0.014443,-12.378608,1e-06,-3.91446,True
adult,logreg,sex,prune:0.7,mean_ece_per_group,10,0.001604,0.002075,0.000119,0.003088,2.443279,0.037164,0.772633,True
adult,logreg,sex,prune:0.7,ece_disparity,10,0.000347,0.003771,-0.002351,0.003044,0.290818,0.777781,0.091965,False
adult,logreg,sex,prune:0.9,demographic_parity_difference,10,-0.047849,0.012359,-0.05669,-0.039008,-12.242964,1e-06,-3.871565,True
adult,logreg,sex,prune:0.9,equalized_odds_difference,10,0.033688,0.028515,0.01329,0.054086,3.736007,0.004654,1.181429,True
adult,logreg,sex,prune:0.9,disparate_impact_ratio,10,-0.083661,0.020137,-0.098066,-0.069255,-13.137709,0.0,-4.154509,True
adult,logreg,sex,prune:0.9,accuracy,10,-0.027213,0.004477,-0.030416,-0.02401,-19.2219,0.0,-6.078499,True
adult,logreg,sex,prune:0.9,balanced_accuracy,10,-0.090172,0.011347,-0.098289,-0.082055,-25.130524,0.0,-7.94697,True
adult,logreg,sex,prune:0.9,positive_prediction_rate,10,-0.073729,0.008276,-0.079649,-0.067808,-28.171951,0.0,-8.908753,True
adult,logreg,sex,prune:0.9,mean_ece_per_group,10,0.014504,0.003278,0.012159,0.016849,13.991634,0.0,4.424543,True
adult,logreg,sex,prune:0.9,ece_disparity,10,0.009595,0.008027,0.003854,0.015337,3.780374,0.004347,1.195459,True
adult,mlp,race,int8,demographic_parity_difference,10,0.002428,0.024772,-0.015292,0.020149,0.309989,0.763627,0.098027,False
adult,mlp,race,int8,equalized_odds_difference,10,0.016809,0.052877,-0.021016,0.054635,1.005281,0.341023,0.317898,False
adult,mlp,race,int8,disparate_impact_ratio,10,0.010893,0.059139,-0.031412,0.053199,0.582481,0.574543,0.184197,False
adult,mlp,race,int8,accuracy,10,-0.00787,0.003807,-0.010593,-0.005146,-6.536369,0.000107,-2.066981,True
adult,mlp,race,int8,balanced_accuracy,10,-0.002745,0.008182,-0.008598,0.003108,-1.060821,0.316408,-0.335461,False
adult,mlp,race,int8,positive_prediction_rate,10,0.01126,0.016797,-0.000756,0.023276,2.119899,0.063048,0.670371,False
adult,mlp,race,prune:0.3,demographic_parity_difference,10,0.030046,0.074193,-0.023028,0.083121,1.280649,0.232334,0.404977,False
adult,mlp,race,prune:0.3,equalized_odds_difference,10,-0.032884,0.110199,-0.111716,0.045948,-0.943631,0.369999,-0.298402,False
adult,mlp,race,prune:0.3,disparate_impact_ratio,10,0.161123,0.254932,-0.021244,0.343491,1.998637,0.076721,0.632024,False
adult,mlp,race,prune:0.3,accuracy,10,-0.177676,0.103493,-0.25171,-0.103641,-5.428966,0.000417,-1.71679,True
adult,mlp,race,prune:0.3,balanced_accuracy,10,-0.075627,0.072597,-0.127559,-0.023694,-3.294269,0.009315,-1.041739,True
adult,mlp,race,prune:0.3,positive_prediction_rate,10,0.235149,0.233331,0.068234,0.402063,3.186915,0.011061,1.007791,True
adult,mlp,race,prune:0.3,mean_ece_per_group,10,0.166536,0.120434,0.080383,0.25269,4.372799,0.00179,1.3828,True
adult,mlp,race,prune:0.3,ece_disparity,10,0.048665,0.033652,0.024591,0.072738,4.572953,0.001341,1.446095,True
adult,mlp,race,prune:0.5,demographic_parity_difference,10,-0.013957,0.057997,-0.055445,0.027531,-0.761009,0.466122,-0.240652,False
adult,mlp,race,prune:0.5,equalized_odds_difference,10,-0.005824,0.160169,-0.120402,0.108753,-0.114993,0.910975,-0.036364,False
adult,mlp,race,prune:0.5,disparate_impact_ratio,10,0.213511,0.242966,0.039704,0.387318,2.778912,0.021439,0.878769,True
adult,mlp,race,prune:0.5,accuracy,10,-0.190246,0.096783,-0.259481,-0.121012,-6.216099,0.000156,-1.965703,True
adult,mlp,race,prune:0.5,balanced_accuracy,10,-0.120483,0.058232,-0.16214,-0.078826,-6.542814,0.000106,-2.069019,True
adult,mlp,race,prune:0.5,positive_prediction_rate,10,0.196618,0.224883,0.035746,0.357489,2.764816,0.021939,0.874312,True
adult,mlp,race,prune:0.5,mean_ece_per_group,10,0.163293,0.10701,0.086742,0.239844,4.825486,0.00094,1.525953,True
adult,mlp,race,prune:0.5,ece_disparity,10,0.049273,0.04504,0.017054,0.081493,3.459528,0.007166,1.093999,True
adult,mlp,race,prune:0.7,demographic_parity_difference,10,-0.018836,0.093179,-0.085492,0.04782,-0.639243,0.538592,-0.202146,False
adult,mlp,race,prune:0.7,equalized_odds_difference,10,-0.004193,0.13717,-0.102318,0.093932,-0.096671,0.925106,-0.03057,False
adult,mlp,race,prune:0.7,disparate_impact_ratio,10,0.31502,0.219942,0.157683,0.472357,4.52928,0.001428,1.432284,True
adult,mlp,race,prune:0.7,accuracy,10,-0.294259,0.153289,-0.403916,-0.184603,-6.070423,0.000186,-1.919636,True
adult,mlp,race,prune:0.7,balanced_accuracy,10,-0.179219,0.071874,-0.230635,-0.127804,-7.885263,2.5e-05,-2.493539,True
adult,mlp,race,prune:0.7,positive_prediction_rate,10,0.314078,0.277805,0.115348,0.512807,3.575166,0.005976,1.130567,True
adult,mlp,race,prune:0.7,mean_ece_per_group,10,0.227047,0.14481,0.123456,0.330638,4.958128,0.000783,1.567898,True
adult,mlp,race,prune:0.7,ece_disparity,10,0.069236,0.05901,0.027022,0.111449,3.710252,0.004843,1.173285,True
adult,mlp,race,prune:0.9,demographic_parity_difference,10,-0.130962,0.049935,-0.166683,-0.095241,-8.293594,1.7e-05,-2.622665,True
adult,mlp,race,prune:0.9,equalized_odds_difference,10,-0.159658,0.162844,-0.276149,-0.043166,-3.100406,0.012714,-0.980434,True
adult,mlp,race,prune:0.9,disparate_impact_ratio,10,0.512411,0.200442,0.369023,0.655798,8.084057,2e-05,2.556403,True
adult,mlp,race,prune:0.9,accuracy,10,-0.339325,0.25623,-0.522621,-0.156029,-4.187797,0.002349,-1.324298,True
adult,mlp,race,prune:0.9,balanced_accuracy,10,-0.254067,0.012739,-0.26318,-0.244954,-63.066244,0.0,-19.943297,True
adult,mlp,race,prune:0.9,positive_prediction_rate,10,0.295987,0.493815,-0.057267,0.649241,1.895433,0.090547,0.599388,False
adult,mlp,race,prune:0.9,mean_ece_per_group,10,0.263071,0.108902,0.185168,0.340975,7.639036,3.2e-05,2.415675,True
adult,mlp,race,prune:0.9,ece_disparity,10,0.074638,0.024762,0.056924,0.092351,9.531629,5e-06,3.014166,True
adult,mlp,sex,int8,demographic_parity_difference,10,0.005464,0.018068,-0.007462,0.018389,0.956259,0.363921,0.302396,False
adult,mlp,sex,int8,equalized_odds_difference,10,0.004577,0.022079,-0.011217,0.020372,0.655563,0.528505,0.207307,False
adult,mlp,sex,int8,disparate_impact_ratio,10,0.011944,0.034684,-0.012867,0.036755,1.088976,0.304463,0.344365,False
adult,mlp,sex,int8,accuracy,10,-0.00787,0.003807,-0.010593,-0.005146,-6.536369,0.000107,-2.066981,True
adult,mlp,sex,int8,balanced_accuracy,10,-0.002745,0.008182,-0.008598,0.003108,-1.060821,0.316408,-0.335461,False
adult,mlp,sex,int8,positive_prediction_rate,10,0.01126,0.016797,-0.000756,0.023276,2.119899,0.063048,0.670371,False
adult,mlp,sex,prune:0.3,demographic_parity_difference,10,0.006273,0.090884,-0.058742,0.071288,0.218273,0.832085,0.069024,False
adult,mlp,sex,prune:0.3,equalized_odds_difference,10,0.049269,0.064384,0.003211,0.095327,2.41987,0.038619,0.76523,True
adult,mlp,sex,prune:0.3,disparate_impact_ratio,10,0.23529,0.138118,0.136486,0.334093,5.387074,0.00044,1.703542,True
adult,mlp,sex,prune:0.3,accuracy,10,-0.177676,0.103493,-0.25171,-0.103641,-5.428966,0.000417,-1.71679,True
adult,mlp,sex,prune:0.3,balanced_accuracy,10,-0.075627,0.072597,-0.127559,-0.023694,-3.294269,0.009315,-1.041739,True
adult,mlp,sex,prune:0.3,positive_prediction_rate,10,0.235149,0.233331,0.068234,0.402063,3.186915,0.011061,1.007791,True
adult,mlp,sex,prune:0.3,mean_ece_per_group,10,0.166752,0.107897,0.089567,0.243937,4.887215,0.000863,1.545473,True
adult,mlp,sex,prune:0.3,ece_disparity,10,0.047599,0.039078,0.019644,0.075553,3.851827,0.003895,1.218055,True
adult,mlp,sex,prune:0.5,demographic_parity_difference,10,-0.038939,0.073727,-0.091681,0.013802,-1.670172,0.129224,-0.528155,False
adult,mlp,sex,prune:0.5,equalized_odds_difference,10,0.032533,0.063752,-0.013072,0.078138,1.613727,0.141044,0.510305,False
adult,mlp,sex,prune:0.5,disparate_impact_ratio,10,0.289534,0.259508,0.103893,0.475174,3.528159,0.006433,1.115702,True
adult,mlp,sex,prune:0.5,accuracy,10,-0.190246,0.096783,-0.259481,-0.121012,-6.216099,0.000156,-1.965703,True
adult,mlp,sex,prune:0.5,balanced_accuracy,10,-0.120483,0.058232,-0.16214,-0.078826,-6.542814,0.000106,-2.069019,True
adult,mlp,sex,prune:0.5,positive_prediction_rate,10,0.196618,0.224883,0.035746,0.357489,2.764816,0.021939,0.874312,True
adult,mlp,sex,prune:0.5,mean_ece_per_group,10,0.166442,0.100197,0.094766,0.238119,5.253014,0.000526,1.661149,True
adult,mlp,sex,prune:0.5,ece_disparity,10,0.047536,0.046948,0.013951,0.08112,3.201859,0.010799,1.012517,True
adult,mlp,sex,prune:0.7,demographic_parity_difference,10,-0.090616,0.074114,-0.143634,-0.037598,-3.866367,0.00381,-1.222653,True
adult,mlp,sex,prune:0.7,equalized_odds_difference,10,-0.003347,0.057389,-0.044401,0.037707,-0.184439,0.857758,-0.058325,False
adult,mlp,sex,prune:0.7,disparate_impact_ratio,10,0.438432,0.177295,0.311603,0.565262,7.819974,2.7e-05,2.472893,True
adult,mlp,sex,prune:0.7,accuracy,10,-0.294259,0.153289,-0.403916,-0.184603,-6.070423,0.000186,-1.919636,True
adult,mlp,sex,prune:0.7,balanced_accuracy,10,-0.179219,0.071874,-0.230635,-0.127804,-7.885263,2.5e-05,-2.493539,True
adult,mlp,sex,prune:0.7,positive_prediction_rate,10,0.314078,0.277805,0.115348,0.512807,3.575166,0.005976,1.130567,True
adult,mlp,sex,prune:0.7,mean_ece_per_group,10,0.223421,0.131136,0.129612,0.31723,5.387703,0.00044,1.703741,True
adult,mlp,sex,prune:0.7,ece_disparity,10,0.031345,0.044975,-0.000828,0.063519,2.20391,0.054989,0.696938,False
adult,mlp,sex,prune:0.9,demographic_parity_difference,10,-0.160222,0.033304,-0.184046,-0.136398,-15.213425,0.0,-4.810907,True
adult,mlp,sex,prune:0.9,equalized_odds_difference,10,-0.061037,0.065747,-0.108069,-0.014004,-2.935716,0.016602,-0.928355,True
adult,mlp,sex,prune:0.9,disparate_impact_ratio,10,0.569951,0.128419,0.478085,0.661816,14.03484,0.0,4.438206,True
adult,mlp,sex,prune:0.9,accuracy,10,-0.339325,0.25623,-0.522621,-0.156029,-4.187797,0.002349,-1.324298,True
adult,mlp,sex,prune:0.9,balanced_accuracy,10,-0.254067,0.012739,-0.26318,-0.244954,-63.066244,0.0,-19.943297,True
adult,mlp,sex,prune:0.9,positive_prediction_rate,10,0.295987,0.493815,-0.057267,0.649241,1.895433,0.090547,0.599388,False
adult,mlp,sex,prune:0.9,mean_ece_per_group,10,0.255186,0.104853,0.180178,0.330193,7.696179,3e-05,2.433746,True
adult,mlp,sex,prune:0.9,ece_disparity,10,0.14256,0.042381,0.112242,0.172877,10.637118,2e-06,3.363752,True
compas,logreg,race,int8,demographic_parity_difference,10,0.0,0.0,0.0,0.0,0.0,1.0,0.0,False
compas,logreg,race,int8,equalized_odds_difference,10,0.0,0.0,0.0,0.0,0.0,1.0,0.0,False
compas,logreg,race,int8,disparate_impact_ratio,10,0.0,0.0,0.0,0.0,0.0,1.0,0.0,False
compas,logreg,race,int8,accuracy,10,0.0,0.0,0.0,0.0,0.0,1.0,0.0,False
compas,logreg,race,int8,balanced_accuracy,10,0.0,0.0,0.0,0.0,0.0,1.0,0.0,False
compas,logreg,race,int8,positive_prediction_rate,10,0.0,0.0,0.0,0.0,0.0,1.0,0.0,False
compas,logreg,race,prune:0.3,demographic_parity_difference,10,0.018172,0.052319,-0.019255,0.055599,1.098368,0.300557,0.347335,False
compas,logreg,race,prune:0.3,equalized_odds_difference,10,0.025484,0.078901,-0.030959,0.081927,1.021376,0.333745,0.322988,False
compas,logreg,race,prune:0.3,disparate_impact_ratio,10,-0.005488,0.017354,-0.017902,0.006926,-1.0,0.343436,-0.316228,False
compas,logreg,race,prune:0.3,accuracy,10,0.000907,0.001651,-0.000274,0.002088,1.738182,0.116183,0.549662,False
compas,logreg,race,prune:0.3,balanced_accuracy,10,0.001068,0.001869,-0.000269,0.002405,1.806469,0.104317,0.571256,False
compas,logreg,race,prune:0.3,positive_prediction_rate,10,0.001685,0.0049,-0.00182,0.00519,1.08745,0.305101,0.343882,False
compas,logreg,race,prune:0.3,mean_ece_per_group,10,0.001367,0.001634,0.000198,0.002536,2.644462,0.026718,0.836252,True
compas,logreg,race,prune:0.3,ece_disparity,10,0.000884,0.004871,-0.002601,0.004368,0.573626,0.58027,0.181397,False
compas,logreg,race,prune:0.5,demographic_parity_difference,10,-0.103762,0.234015,-0.271166,0.063642,-1.402155,0.194405,-0.4434,False
compas,logreg,race,prune:0.5,equalized_odds_difference,10,-0.003886,0.210976,-0.154809,0.147037,-0.058248,0.954824,-0.01842,False
compas,logreg,race,prune:0.5,disparate_impact_ratio,10,0.019993,0.074548,-0.033335,0.073322,0.848095,0.418369,0.268191,False
compas,logreg,race,prune:0.5,accuracy,10,6.5e-05,0.003268,-0.002273,0.002403,0.062695,0.95138,0.019826,False
compas,logreg,race,prune:0.5,balanced_accuracy,10,-5.8e-05,0.003496,-0.002559,0.002443,-0.052729,0.9591,-0.016674,False
compas,logreg,race,prune:0.5,positive_prediction_rate,10,-0.001361,0.00526,-0.005124,0.002402,-0.818334,0.434298,-0.25878,False
compas,logreg,race,prune:0.5,mean_ece_per_group,10,-0.001942,0.029792,-0.023254,0.01937,-0.206166,0.841249,-0.065195,False
compas,logreg,race,prune:0.5,ece_disparity,10,-0.001105,0.128098,-0.092741,0.090531,-0.027279,0.978833,-0.008626,False
compas,logreg,race,prune:0.7,demographic_parity_difference,10,-0.153217,0.250133,-0.332151,0.025718,-1.937026,0.084713,-0.612541,False
compas,logreg,race,prune:0.7,equalized_odds_difference,10,-0.111518,0.277719,-0.310186,0.08715,-1.269811,0.235999,-0.40155,False
compas,logreg,race,prune:0.7,disparate_impact_ratio,10,-0.007112,0.156593,-0.119132,0.104908,-0.143624,0.888962,-0.045418,False
compas,logreg,race,prune:0.7,accuracy,10,-0.047246,0.008194,-0.053108,-0.041384,-18.232394,0.0,-5.765589,True
compas,logreg,race,prune:0.7,balanced_accuracy,10,-0.056008,0.007998,-0.061729,-0.050287,-22.145682,0.0,-7.003079,True
compas,logreg,race,prune:0.7,positive_prediction_rate,10,-0.092223,0.006401,-0.096802,-0.087644,-45.557271,0.0,-14.406474,True
compas,logreg,race,prune:0.7,mean_ece_per_group,10,0.002422,0.038419,-0.025061,0.029906,0.199399,0.846383,0.063055,False
compas,logreg,race,prune:0.7,ece_disparity,10,0.046868,0.122345,-0.040652,0.134389,1.211412,0.256584,0.383082,False
compas,logreg,race,prune:0.9,demographic_parity_difference,10,-0.625103,0.26424,-0.814129,-0.436078,-7.480897,3.8e-05,-2.365668,True
compas,logreg,race,prune:0.9,equalized_odds_difference,10,-0.84678,0.203853,-0.992608,-0.700952,-13.135684,0.0,-4.153868,True
compas,logreg,race,prune:0.9,disparate_impact_ratio,10,0.888409,0.12859,0.796421,0.980397,21.847732,0.0,6.90886,True
compas,logreg,race,prune:0.9,accuracy,10,-0.135191,0.006402,-0.139771,-0.130611,-66.773333,0.0,-21.115582,True
compas,logreg,race,prune:0.9,balanced_accuracy,10,-0.166775,0.006322,-0.171297,-0.162253,-83.422437,0.0,-26.380491,True
compas,logreg,race,prune:0.9,positive_prediction_rate,10,-0.33558,0.00827,-0.341496,-0.329664,-128.313229,0.0,-40.576206,True
compas,logreg,race,prune:0.9,mean_ece_per_group,10,0.006874,0.052406,-0.030615,0.044363,0.414795,0.688005,0.13117,False
compas,logreg,race,prune:0.9,ece_disparity,10,0.002262,0.186248,-0.130972,0.135496,0.038404,0.970204,0.012145,False
compas,logreg,sex,int8,demographic_parity_difference,10,0.0,0.0,0.0,0.0,0.0,1.0,0.0,False
compas,logreg,sex,int8,equalized_odds_difference,10,0.0,0.0,0.0,0.0,0.0,1.0,0.0,False
compas,logreg,sex,int8,disparate_impact_ratio,10,0.0,0.0,0.0,0.0,0.0,1.0,0.0,False
compas,logreg,sex,int8,accuracy,10,0.0,0.0,0.0,0.0,0.0,1.0,0.0,False
compas,logreg,sex,int8,balanced_accuracy,10,0.0,0.0,0.0,0.0,0.0,1.0,0.0,False
compas,logreg,sex,int8,positive_prediction_rate,10,0.0,0.0,0.0,0.0,0.0,1.0,0.0,False
compas,logreg,sex,prune:0.3,demographic_parity_difference,10,-0.000854,0.004231,-0.003881,0.002172,-0.638595,0.538995,-0.201941,False
compas,logreg,sex,prune:0.3,equalized_odds_difference,10,0.000323,0.009102,-0.006188,0.006834,0.112255,0.913085,0.035498,False
compas,logreg,sex,prune:0.3,disparate_impact_ratio,10,0.003701,0.009866,-0.003357,0.010759,1.186324,0.265866,0.375149,False
compas,logreg,sex,prune:0.3,accuracy,10,0.000907,0.001651,-0.000274,0.002088,1.738182,0.116183,0.549662,False
compas,logreg,sex,prune:0.3,balanced_accuracy,10,0.001068,0.001869,-0.000269,0.002405,1.806469,0.104317,0.571256,False
compas,logreg,sex,prune:0.3,positive_prediction_rate,10,0.001685,0.0049,-0.00182,0.00519,1.08745,0.305101,0.343882,False
compas,logreg,sex,prune:0.3,mean_ece_per_group,10,-0.0007,0.002151,-0.002239,0.000838,-1.029846,0.329963,-0.325666,False
compas,logreg,sex,prune:0.3,ece_disparity,10,-0.002793,0.005418,-0.006669,0.001083,-1.630096,0.13752,-0.515482,False
compas,logreg,sex,prune:0.5,demographic_parity_difference,10,-0.006151,0.01245,-0.015057,0.002755,-1.562281,0.152657,-0.494037,False
compas,logreg,sex,prune:0.5,equalized_odds_difference,10,-0.00658,0.022518,-0.022688,0.009528,-0.924057,0.379565,-0.292213,False
compas,logreg,sex,prune:0.5,disparate_impact_ratio,10,0.015146,0.029963,-0.006288,0.036581,1.598567,0.144381,0.505511,False
compas,logreg,sex,prune:0.5,accuracy,10,6.5e-05,0.003268,-0.002273,0.002403,0.062695,0.95138,0.019826,False
compas,logreg,sex,prune:0.5,balanced_accuracy,10,-5.8e-05,0.003496,-0.002559,0.002443,-0.052729,0.9591,-0.016674,False
compas,logreg,sex,prune:0.5,positive_prediction_rate,10,-0.001361,0.00526,-0.005124,0.002402,-0.818334,0.434298,-0.25878,False
compas,logreg,sex,prune:0.5,mean_ece_per_group,10,0.003414,0.00698,-0.00158,0.008407,1.546494,0.156388,0.489044,False
compas,logreg,sex,prune:0.5,ece_disparity,10,-0.0006,0.011808,-0.009047,0.007846,-0.160771,0.875825,-0.05084,False
compas,logreg,sex,prune:0.7,demographic_parity_difference,10,-0.016525,0.015532,-0.027636,-0.005414,-3.364489,0.00833,-1.063945,True
compas,logreg,sex,prune:0.7,equalized_odds_difference,10,-0.003415,0.021118,-0.018521,0.011692,-0.511324,0.621432,-0.161695,False
compas,logreg,sex,prune:0.7,disparate_impact_ratio,10,-0.075228,0.048279,-0.109765,-0.040692,-4.927495,0.000816,-1.558211,True
compas,logreg,sex,prune:0.7,accuracy,10,-0.047246,0.008194,-0.053108,-0.041384,-18.232394,0.0,-5.765589,True
compas,logreg,sex,prune:0.7,balanced_accuracy,10,-0.056008,0.007998,-0.061729,-0.050287,-22.145682,0.0,-7.003079,True
compas,logreg,sex,prune:0.7,positive_prediction_rate,10,-0.092223,0.006401,-0.096802,-0.087644,-45.557271,0.0,-14.406474,True
compas,logreg,sex,prune:0.7,mean_ece_per_group,10,0.00131,0.01023,-0.006009,0.008628,0.404896,0.695009,0.128039,False
compas,logreg,sex,prune:0.7,ece_disparity,10,0.005508,0.021903,-0.010161,0.021176,0.795163,0.446981,0.251452,False
compas,logreg,sex,prune:0.9,demographic_parity_difference,10,-0.138973,0.018083,-0.151909,-0.126037,-24.302382,0.0,-7.685088,True
compas,logreg,sex,prune:0.9,equalized_odds_difference,10,-0.128244,0.026736,-0.147369,-0.109118,-15.168231,0.0,-4.796616,True
compas,logreg,sex,prune:0.9,disparate_impact_ratio,10,0.38355,0.04831,0.348991,0.418109,25.106302,0.0,7.93931,True
compas,logreg,sex,prune:0.9,accuracy,10,-0.135191,0.006402,-0.139771,-0.130611,-66.773333,0.0,-21.115582,True
compas,logreg,sex,prune:0.9,balanced_accuracy,10,-0.166775,0.006322,-0.171297,-0.162253,-83.422437,0.0,-26.380491,True
compas,logreg,sex,prune:0.9,positive_prediction_rate,10,-0.33558,0.00827,-0.341496,-0.329664,-128.313229,0.0,-40.576206,True
compas,logreg,sex,prune:0.9,mean_ece_per_group,10,0.003859,0.01075,-0.003831,0.011549,1.13519,0.285622,0.358979,False
compas,logreg,sex,prune:0.9,ece_disparity,10,0.030199,0.016675,0.01827,0.042127,5.727053,0.000284,1.811053,True
compas,mlp,race,int8,demographic_parity_difference,10,0.020773,0.074649,-0.032627,0.074174,0.879998,0.401747,0.27828,False
compas,mlp,race,int8,equalized_odds_difference,10,-0.015155,0.030756,-0.037156,0.006847,-1.558195,0.153615,-0.492744,False
compas,mlp,race,int8,disparate_impact_ratio,10,-0.004712,0.038396,-0.032179,0.022755,-0.388073,0.706981,-0.122719,False
compas,mlp,race,int8,accuracy,10,0.001296,0.003563,-0.001252,0.003845,1.150524,0.279579,0.363828,False
compas,mlp,race,int8,balanced_accuracy,10,0.002084,0.003925,-0.000724,0.004891,1.67888,0.127483,0.530908,False
compas,mlp,race,int8,positive_prediction_rate,10,0.008555,0.023184,-0.00803,0.02514,1.166844,0.273259,0.368988,False
compas,mlp,race,prune:0.3,demographic_parity_difference,10,0.017384,0.149219,-0.089361,0.124128,0.368396,0.721094,0.116497,False
compas,mlp,race,prune:0.3,equalized_odds_difference,10,0.051439,0.119993,-0.034398,0.137277,1.355624,0.208256,0.428686,False
compas,mlp,race,prune:0.3,disparate_impact_ratio,10,0.012403,0.038355,-0.015034,0.039841,1.022633,0.333182,0.323385,False
compas,mlp,race,prune:0.3,accuracy,10,-0.004212,0.006533,-0.008886,0.000461,-2.039011,0.07188,-0.644792,False
compas,mlp,race,prune:0.3,balanced_accuracy,10,-0.003299,0.007262,-0.008494,0.001895,-1.436807,0.184611,-0.454358,False
compas,mlp,race,prune:0.3,positive_prediction_rate,10,0.010434,0.066396,-0.037062,0.057931,0.496966,0.631126,0.157155,False
compas,mlp,race,prune:0.3,mean_ece_per_group,10,0.019003,0.031683,-0.003661,0.041668,1.896713,0.090362,0.599793,False
compas,mlp,race,prune:0.3,ece_disparity,10,0.037887,0.110682,-0.041291,0.117064,1.082453,0.307199,0.342302,False
compas,mlp,race,prune:0.5,demographic_parity_difference,10,-0.036424,0.174544,-0.161286,0.088438,-0.659907,0.525839,-0.208681,False
compas,mlp,race,prune:0.5,equalized_odds_difference,10,-0.028503,0.244441,-0.203366,0.146359,-0.368739,0.720847,-0.116606,False
compas,mlp,race,prune:0.5,disparate_impact_ratio,10,0.048609,0.209898,-0.101543,0.198762,0.732336,0.482598,0.231585,False
compas,mlp,race,prune:0.5,accuracy,10,-0.038691,0.069154,-0.088161,0.010779,-1.769252,0.110637,-0.559487,False
compas,mlp,race,prune:0.5,balanced_accuracy,10,-0.035176,0.054965,-0.074496,0.004144,-2.023731,0.073677,-0.63996,False
compas,mlp,race,prune:0.5,positive_prediction_rate,10,0.042191,0.218051,-0.113794,0.198175,0.611868,0.555765,0.19349,False
compas,mlp,race,prune:0.5,mean_ece_per_group,10,0.03293,0.05349,-0.005334,0.071194,1.946804,0.083394,0.615634,False
compas,mlp,race,prune:0.5,ece_disparity,10,-0.014795,0.149644,-0.121843,0.092254,-0.312642,0.761676,-0.098866,False
compas,mlp,race,prune:0.7,demographic_parity_difference,10,-0.157114,0.21256,-0.309171,-0.005058,-2.337401,0.044208,-0.739151,True
compas,mlp,race,prune:0.7,equalized_odds_difference,10,-0.133839,0.262708,-0.321769,0.054091,-1.611052,0.141628,-0.509459,False
compas,mlp,race,prune:0.7,disparate_impact_ratio,10,0.132886,0.27742,-0.065568,0.331341,1.514758,0.164135,0.479008,False
compas,mlp,race,prune:0.7,accuracy,10,-0.091121,0.080194,-0.148489,-0.033754,-3.593152,0.00581,-1.136255,True
compas,mlp,race,prune:0.7,balanced_accuracy,10,-0.081366,0.068535,-0.130393,-0.032339,-3.754313,0.004524,-1.187218,True
compas,mlp,race,prune:0.7,positive_prediction_rate,10,0.115619,0.321369,-0.114274,0.345512,1.137694,0.284628,0.359771,False
compas,mlp,race,prune:0.7,mean_ece_per_group,10,0.072475,0.084174,0.01226,0.132689,2.722752,0.023502,0.86101,True
compas,mlp,race,prune:0.7,ece_disparity,10,-0.010012,0.208832,-0.159402,0.139377,-0.151613,0.882836,-0.047944,False
compas,mlp,race,prune:0.9,demographic_parity_difference,10,-0.484705,0.220413,-0.642379,-0.327031,-6.954099,6.7e-05,-2.199079,True
compas,mlp,race,prune:0.9,equalized_odds_difference,10,-0.335215,0.384004,-0.609916,-0.060515,-2.760501,0.022094,-0.872947,True
compas,mlp,race,prune:0.9,disparate_impact_ratio,10,0.521227,0.407937,0.229407,0.813047,4.04049,0.002926,1.277715,True
compas,mlp,race,prune:0.9,accuracy,10,-0.185936,0.053544,-0.22424,-0.147633,-10.981194,2e-06,-3.472558,True
compas,mlp,race,prune:0.9,balanced_accuracy,10,-0.163378,0.027638,-0.183149,-0.143607,-18.693079,0.0,-5.911271,True
compas,mlp,race,prune:0.9,positive_prediction_rate,10,0.265133,0.438487,-0.048542,0.578807,1.912085,0.088167,0.604654,False
compas,mlp,race,prune:0.9,mean_ece_per_group,10,0.066845,0.062352,0.022241,0.111449,3.390151,0.007997,1.07206,True
compas,mlp,race,prune:0.9,ece_disparity,10,0.055404,0.22028,-0.102175,0.212982,0.795359,0.446873,0.251514,False
compas,mlp,sex,int8,demographic_parity_difference,10,0.002475,0.008557,-0.003646,0.008597,0.914756,0.384173,0.289271,False
compas,mlp,sex,int8,equalized_odds_difference,10,-0.001683,0.011662,-0.010026,0.006659,-0.456451,0.658882,-0.144342,False
compas,mlp,sex,int8,disparate_impact_ratio,10,-0.000508,0.029443,-0.02157,0.020554,-0.054561,0.95768,-0.017254,False
compas,mlp,sex,int8,accuracy,10,0.001296,0.003563,-0.001252,0.003845,1.150524,0.279579,0.363828,False
compas,mlp,sex,int8,balanced_accuracy,10,0.002084,0.003925,-0.000724,0.004891,1.67888,0.127483,0.530908,False
compas,mlp,sex,int8,positive_prediction_rate,10,0.008555,0.023184,-0.00803,0.02514,1.166844,0.273259,0.368988,False
compas,mlp,sex,prune:0.3,demographic_parity_difference,10,0.006174,0.013773,-0.003678,0.016027,1.417674,0.189965,0.448308,False
compas,mlp,sex,prune:0.3,equalized_odds_difference,10,0.013673,0.025266,-0.004402,0.031748,1.711276,0.121191,0.541153,False
compas,mlp,sex,prune:0.3,disparate_impact_ratio,10,-0.012506,0.035584,-0.037961,0.012949,-1.111386,0.295209,-0.351451,False
compas,mlp,sex,prune:0.3,accuracy,10,-0.004212,0.006533,-0.008886,0.000461,-2.039011,0.07188,-0.644792,False
compas,mlp,sex,prune:0.3,balanced_accuracy,10,-0.003299,0.007262,-0.008494,0.001895,-1.436807,0.184611,-0.454358,False
compas,mlp,sex,prune:0.3,positive_prediction_rate,10,0.010434,0.066396,-0.037062,0.057931,0.496966,0.631126,0.157155,False
compas,mlp,sex,prune:0.3,mean_ece_per_group,10,0.009941,0.015014,-0.0008,0.020681,2.09376,0.065781,0.662105,False
compas,mlp,sex,prune:0.3,ece_disparity,10,0.00862,0.022444,-0.007435,0.024676,1.214573,0.255433,0.384082,False
compas,mlp,sex,prune:0.5,demographic_parity_difference,10,-0.006946,0.045446,-0.039457,0.025564,-0.483342,0.640394,-0.152846,False
compas,mlp,sex,prune:0.5,equalized_odds_difference,10,-0.002271,0.040672,-0.031366,0.026824,-0.176573,0.863754,-0.055837,False
compas,mlp,sex,prune:0.5,disparate_impact_ratio,10,-0.017592,0.129158,-0.109986,0.074802,-0.430723,0.676801,-0.136207,False
compas,mlp,sex,prune:0.5,accuracy,10,-0.038691,0.069154,-0.088161,0.010779,-1.769252,0.110637,-0.559487,False
compas,mlp,sex,prune:0.5,balanced_accuracy,10,-0.035176,0.054965,-0.074496,0.004144,-2.023731,0.073677,-0.63996,False
compas,mlp,sex,prune:0.5,positive_prediction_rate,10,0.042191,0.218051,-0.113794,0.198175,0.611868,0.555765,0.19349,False
compas,mlp,sex,prune:0.5,mean_ece_per_group,10,0.035365,0.06724,-0.012736,0.083465,1.663188,0.130636,0.525946,False
compas,mlp,sex,prune:0.5,ece_disparity,10,0.008646,0.030966,-0.013506,0.030798,0.882888,0.400264,0.279194,False
compas,mlp,sex,prune:0.7,demographic_parity_difference,10,-0.063445,0.03929,-0.091552,-0.035339,-5.106439,0.00064,-1.614798,True
compas,mlp,sex,prune:0.7,equalized_odds_difference,10,-0.050529,0.032581,-0.073836,-0.027222,-4.904296,0.000843,-1.550875,True
compas,mlp,sex,prune:0.7,disparate_impact_ratio,10,0.059419,0.217727,-0.096333,0.215172,0.863009,0.41054,0.272907,False
compas,mlp,sex,prune:0.7,accuracy,10,-0.091121,0.080194,-0.148489,-0.033754,-3.593152,0.00581,-1.136255,True
compas,mlp,sex,prune:0.7,balanced_accuracy,10,-0.081366,0.068535,-0.130393,-0.032339,-3.754313,0.004524,-1.187218,True
compas,mlp,sex,prune:0.7,positive_prediction_rate,10,0.115619,0.321369,-0.114274,0.345512,1.137694,0.284628,0.359771,False
compas,mlp,sex,prune:0.7,mean_ece_per_group,10,0.078389,0.063402,0.033034,0.123744,3.909761,0.003566,1.236375,True
compas,mlp,sex,prune:0.7,ece_disparity,10,0.02422,0.040918,-0.00505,0.053491,1.871835,0.094023,0.591926,False
compas,mlp,sex,prune:0.9,demographic_parity_difference,10,-0.122686,0.025189,-0.140705,-0.104667,-15.402075,0.0,-4.870564,True
compas,mlp,sex,prune:0.9,equalized_odds_difference,10,-0.099503,0.043092,-0.130329,-0.068677,-7.301974,4.6e-05,-2.309087,True
compas,mlp,sex,prune:0.9,disparate_impact_ratio,10,0.185638,0.32224,-0.044879,0.416155,1.821743,0.101821,0.576086,False
compas,mlp,sex,prune:0.9,accuracy,10,-0.185936,0.053544,-0.22424,-0.147633,-10.981194,2e-06,-3.472558,True
compas,mlp,sex,prune:0.9,balanced_accuracy,10,-0.163378,0.027638,-0.183149,-0.143607,-18.693079,0.0,-5.911271,True
compas,mlp,sex,prune:0.9,positive_prediction_rate,10,0.265133,0.438487,-0.048542,0.578807,1.912085,0.088167,0.604654,False
compas,mlp,sex,prune:0.9,mean_ece_per_group,10,0.074801,0.046362,0.041636,0.107967,5.102054,0.000643,1.613411,True
compas,mlp,sex,prune:0.9,ece_disparity,10,0.063939,0.048952,0.028921,0.098957,4.130452,0.002558,1.306164,True
