dataset,model,sensitive,compression,seed,demographic_parity_difference,equalized_odds_difference,disparate_impact_ratio,mean_group_predictive_entropy,mean_ece_per_group,selective_fairness_auc,n_params,flops,peak_ram_bytes,python,versions
adult,logreg,sex,none,0,0.177187,0.093685,0.301623,0.288715,0.008712,0.095508,102,1245522,344664,3.11.15,"{""tinyaudit"": ""0.1.0"", ""numpy"": ""1.26.4"", ""pandas"": ""3.0.3"", ""scikit-learn"": ""1.9.0"", ""torch"": ""2.12.0""}"
adult,logreg,sex,int8,0,0.177187,0.093685,0.301623,,,,102,1245522,13282288,3.11.15,"{""tinyaudit"": ""0.1.0"", ""numpy"": ""1.26.4"", ""pandas"": ""3.0.3"", ""scikit-learn"": ""1.9.0"", ""torch"": ""2.12.0""}"
adult,logreg,sex,prune:0.3,0,0.177803,0.095917,0.298858,0.288795,0.009693,0.094994,102,1245522,343486,3.11.15,"{""tinyaudit"": ""0.1.0"", ""numpy"": ""1.26.4"", ""pandas"": ""3.0.3"", ""scikit-learn"": ""1.9.0"", ""torch"": ""2.12.0""}"
adult,logreg,sex,prune:0.5,0,0.170928,0.08358,0.308565,0.289319,0.010737,0.093034,102,1245522,343432,3.11.15,"{""tinyaudit"": ""0.1.0"", ""numpy"": ""1.26.4"", ""pandas"": ""3.0.3"", ""scikit-learn"": ""1.9.0"", ""torch"": ""2.12.0""}"
adult,logreg,sex,prune:0.7,0,0.162595,0.088189,0.302811,0.293877,0.010131,0.083013,102,1245522,343432,3.11.15,"{""tinyaudit"": ""0.1.0"", ""numpy"": ""1.26.4"", ""pandas"": ""3.0.3"", ""scikit-learn"": ""1.9.0"", ""torch"": ""2.12.0""}"
adult,logreg,sex,prune:0.9,0,0.140342,0.167524,0.192539,0.300708,0.02648,0.070312,102,1245522,343486,3.11.15,"{""tinyaudit"": ""0.1.0"", ""numpy"": ""1.26.4"", ""pandas"": ""3.0.3"", ""scikit-learn"": ""1.9.0"", ""torch"": ""2.12.0""}"
adult,logreg,race,none,0,0.150246,0.143382,0.359296,0.269291,0.046219,0.080805,102,1245522,343486,3.11.15,"{""tinyaudit"": ""0.1.0"", ""numpy"": ""1.26.4"", ""pandas"": ""3.0.3"", ""scikit-learn"": ""1.9.0"", ""torch"": ""2.12.0""}"
adult,logreg,race,int8,0,0.150246,0.143382,0.359296,,,,102,1245522,13278470,3.11.15,"{""tinyaudit"": ""0.1.0"", ""numpy"": ""1.26.4"", ""pandas"": ""3.0.3"", ""scikit-learn"": ""1.9.0"", ""torch"": ""2.12.0""}"
adult,logreg,race,prune:0.3,0,0.15209,0.141882,0.358801,0.269588,0.040762,0.085569,102,1245522,343486,3.11.15,"{""tinyaudit"": ""0.1.0"", ""numpy"": ""1.26.4"", ""pandas"": ""3.0.3"", ""scikit-learn"": ""1.9.0"", ""torch"": ""2.12.0""}"
adult,logreg,race,prune:0.5,0,0.136769,0.134008,0.381204,0.269608,0.036697,0.078946,102,1245522,343486,3.11.15,"{""tinyaudit"": ""0.1.0"", ""numpy"": ""1.26.4"", ""pandas"": ""3.0.3"", ""scikit-learn"": ""1.9.0"", ""torch"": ""2.12.0""}"
adult,logreg,race,prune:0.7,0,0.157906,0.16243,0.326632,0.283646,0.034158,0.078135,102,1245522,343432,3.11.15,"{""tinyaudit"": ""0.1.0"", ""numpy"": ""1.26.4"", ""pandas"": ""3.0.3"", ""scikit-learn"": ""1.9.0"", ""torch"": ""2.12.0""}"
adult,logreg,race,prune:0.9,0,0.096961,0.137908,0.296426,0.301591,0.042981,0.056712,102,1245522,343486,3.11.15,"{""tinyaudit"": ""0.1.0"", ""numpy"": ""1.26.4"", ""pandas"": ""3.0.3"", ""scikit-learn"": ""1.9.0"", ""torch"": ""2.12.0""}"
adult,tree,sex,none,0,0.185564,0.093274,0.385452,,,,10479,127959069,5326146,3.11.15,"{""tinyaudit"": ""0.1.0"", ""numpy"": ""1.26.4"", ""pandas"": ""3.0.3"", ""scikit-learn"": ""1.9.0"", ""torch"": ""2.12.0""}"
adult,tree,race,none,0,0.144951,0.16363,0.445601,,,,10479,127959069,5325096,3.11.15,"{""tinyaudit"": ""0.1.0"", ""numpy"": ""1.26.4"", ""pandas"": ""3.0.3"", ""scikit-learn"": ""1.9.0"", ""torch"": ""2.12.0""}"
adult,mlp,sex,none,0,0.198399,0.109817,0.303294,0.26857,0.02548,0.142332,4353,53154483,6253180,3.11.15,"{""tinyaudit"": ""0.1.0"", ""numpy"": ""1.26.4"", ""pandas"": ""3.0.3"", ""scikit-learn"": ""1.9.0"", ""torch"": ""2.12.0""}"
adult,mlp,sex,int8,0,0.225721,0.127929,0.323668,,,,4353,53154483,13278174,3.11.15,"{""tinyaudit"": ""0.1.0"", ""numpy"": ""1.26.4"", ""pandas"": ""3.0.3"", ""scikit-learn"": ""1.9.0"", ""torch"": ""2.12.0""}"
adult,mlp,sex,prune:0.3,0,0.272107,0.187595,0.377986,0.282571,0.073892,0.237738,4353,53154483,6253180,3.11.15,"{""tinyaudit"": ""0.1.0"", ""numpy"": ""1.26.4"", ""pandas"": ""3.0.3"", ""scikit-learn"": ""1.9.0"", ""torch"": ""2.12.0""}"
adult,mlp,sex,prune:0.5,0,0.228578,0.164159,0.609351,0.382615,0.167231,0.227365,4353,53154483,6253180,3.11.15,"{""tinyaudit"": ""0.1.0"", ""numpy"": ""1.26.4"", ""pandas"": ""3.0.3"", ""scikit-learn"": ""1.9.0"", ""torch"": ""2.12.0""}"
adult,mlp,sex,prune:0.7,0,0.084783,0.106176,0.874959,0.465993,0.262582,0.086452,4353,53154483,6253180,3.11.15,"{""tinyaudit"": ""0.1.0"", ""numpy"": ""1.26.4"", ""pandas"": ""3.0.3"", ""scikit-learn"": ""1.9.0"", ""torch"": ""2.12.0""}"
adult,mlp,sex,prune:0.9,0,0.0,0.0,1.0,0.678759,0.320297,0.0,4353,53154483,6253180,3.11.15,"{""tinyaudit"": ""0.1.0"", ""numpy"": ""1.26.4"", ""pandas"": ""3.0.3"", ""scikit-learn"": ""1.9.0"", ""torch"": ""2.12.0""}"
adult,mlp,race,none,0,0.145993,0.158974,0.417598,0.255735,0.044277,0.119062,4353,53154483,6253180,3.11.15,"{""tinyaudit"": ""0.1.0"", ""numpy"": ""1.26.4"", ""pandas"": ""3.0.3"", ""scikit-learn"": ""1.9.0"", ""torch"": ""2.12.0""}"
adult,mlp,race,int8,0,0.157488,0.235897,0.458999,,,,4353,53154483,13277790,3.11.15,"{""tinyaudit"": ""0.1.0"", ""numpy"": ""1.26.4"", ""pandas"": ""3.0.3"", ""scikit-learn"": ""1.9.0"", ""torch"": ""2.12.0""}"
adult,mlp,race,prune:0.3,0,0.176957,0.280808,0.51861,0.275058,0.093905,0.176965,4353,53154483,6253126,3.11.15,"{""tinyaudit"": ""0.1.0"", ""numpy"": ""1.26.4"", ""pandas"": ""3.0.3"", ""scikit-learn"": ""1.9.0"", ""torch"": ""2.12.0""}"
adult,mlp,race,prune:0.5,0,0.17599,0.179487,0.665102,0.354565,0.188728,0.172451,4353,53154483,6253180,3.11.15,"{""tinyaudit"": ""0.1.0"", ""numpy"": ""1.26.4"", ""pandas"": ""3.0.3"", ""scikit-learn"": ""1.9.0"", ""torch"": ""2.12.0""}"
adult,mlp,race,prune:0.7,0,0.24073,0.275401,0.649762,0.436414,0.270107,0.304195,4353,53154483,6253180,3.11.15,"{""tinyaudit"": ""0.1.0"", ""numpy"": ""1.26.4"", ""pandas"": ""3.0.3"", ""scikit-learn"": ""1.9.0"", ""torch"": ""2.12.0""}"
adult,mlp,race,prune:0.9,0,0.0,0.0,1.0,0.665121,0.36176,0.0,4353,53154483,6253126,3.11.15,"{""tinyaudit"": ""0.1.0"", ""numpy"": ""1.26.4"", ""pandas"": ""3.0.3"", ""scikit-learn"": ""1.9.0"", ""torch"": ""2.12.0""}"
compas,logreg,sex,none,0,0.163081,0.148721,0.557752,0.610793,0.057255,0.179551,6,9258,63955,3.11.15,"{""tinyaudit"": ""0.1.0"", ""numpy"": ""1.26.4"", ""pandas"": ""3.0.3"", ""scikit-learn"": ""1.9.0"", ""torch"": ""2.12.0""}"
compas,logreg,sex,int8,0,0.163081,0.148721,0.557752,,,,6,9258,674714,3.11.15,"{""tinyaudit"": ""0.1.0"", ""numpy"": ""1.26.4"", ""pandas"": ""3.0.3"", ""scikit-learn"": ""1.9.0"", ""torch"": ""2.12.0""}"
compas,logreg,sex,prune:0.3,0,0.163081,0.153672,0.557752,0.610822,0.057236,0.17573,6,9258,63955,3.11.15,"{""tinyaudit"": ""0.1.0"", ""numpy"": ""1.26.4"", ""pandas"": ""3.0.3"", ""scikit-learn"": ""1.9.0"", ""torch"": ""2.12.0""}"
compas,logreg,sex,prune:0.5,0,0.151605,0.131704,0.579838,0.614602,0.065501,0.172622,6,9258,63955,3.11.15,"{""tinyaudit"": ""0.1.0"", ""numpy"": ""1.26.4"", ""pandas"": ""3.0.3"", ""scikit-learn"": ""1.9.0"", ""torch"": ""2.12.0""}"
compas,logreg,sex,prune:0.7,0,0.13091,0.134488,0.50723,0.632105,0.073392,0.151772,6,9258,63955,3.11.15,"{""tinyaudit"": ""0.1.0"", ""numpy"": ""1.26.4"", ""pandas"": ""3.0.3"", ""scikit-learn"": ""1.9.0"", ""torch"": ""2.12.0""}"
compas,logreg,sex,prune:0.9,0,0.0,0.0,1.0,0.688861,0.070073,0.0,6,9258,63901,3.11.15,"{""tinyaudit"": ""0.1.0"", ""numpy"": ""1.26.4"", ""pandas"": ""3.0.3"", ""scikit-learn"": ""1.9.0"", ""torch"": ""2.12.0""}"
compas,logreg,race,none,0,0.452736,1.0,0.0,0.622204,0.127695,0.496329,6,9258,63955,3.11.15,"{""tinyaudit"": ""0.1.0"", ""numpy"": ""1.26.4"", ""pandas"": ""3.0.3"", ""scikit-learn"": ""1.9.0"", ""torch"": ""2.12.0""}"
compas,logreg,race,int8,0,0.452736,1.0,0.0,,,,6,9258,675290,3.11.15,"{""tinyaudit"": ""0.1.0"", ""numpy"": ""1.26.4"", ""pandas"": ""3.0.3"", ""scikit-learn"": ""1.9.0"", ""torch"": ""2.12.0""}"
compas,logreg,race,prune:0.3,0,0.45398,1.0,0.0,0.622122,0.126109,0.492825,6,9258,63955,3.11.15,"{""tinyaudit"": ""0.1.0"", ""numpy"": ""1.26.4"", ""pandas"": ""3.0.3"", ""scikit-learn"": ""1.9.0"", ""torch"": ""2.12.0""}"
compas,logreg,race,prune:0.5,0,0.449005,1.0,0.0,0.625329,0.129611,0.493484,6,9258,63955,3.11.15,"{""tinyaudit"": ""0.1.0"", ""numpy"": ""1.26.4"", ""pandas"": ""3.0.3"", ""scikit-learn"": ""1.9.0"", ""torch"": ""2.12.0""}"
compas,logreg,race,prune:0.7,0,0.231061,0.818182,0.306818,0.644106,0.136745,0.357265,6,9258,63955,3.11.15,"{""tinyaudit"": ""0.1.0"", ""numpy"": ""1.26.4"", ""pandas"": ""3.0.3"", ""scikit-learn"": ""1.9.0"", ""torch"": ""2.12.0""}"
compas,logreg,race,prune:0.9,0,0.0,0.0,1.0,0.688861,0.083988,0.0,6,9258,63955,3.11.15,"{""tinyaudit"": ""0.1.0"", ""numpy"": ""1.26.4"", ""pandas"": ""3.0.3"", ""scikit-learn"": ""1.9.0"", ""torch"": ""2.12.0""}"
compas,tree,sex,none,0,0.096228,0.079332,0.705476,,,,1423,2195689,81336,3.11.15,"{""tinyaudit"": ""0.1.0"", ""numpy"": ""1.26.4"", ""pandas"": ""3.0.3"", ""scikit-learn"": ""1.9.0"", ""torch"": ""2.12.0""}"
compas,tree,race,none,0,0.469816,0.675258,0.295276,,,,1423,2195689,81336,3.11.15,"{""tinyaudit"": ""0.1.0"", ""numpy"": ""1.26.4"", ""pandas"": ""3.0.3"", ""scikit-learn"": ""1.9.0"", ""torch"": ""2.12.0""}"
compas,mlp,sex,none,0,0.125601,0.077542,0.703403,0.602569,0.033661,0.165986,1281,1976583,791164,3.11.15,"{""tinyaudit"": ""0.1.0"", ""numpy"": ""1.26.4"", ""pandas"": ""3.0.3"", ""scikit-learn"": ""1.9.0"", ""torch"": ""2.12.0""}"
compas,mlp,sex,int8,0,0.128489,0.089691,0.71067,,,,1281,1976583,674602,3.11.15,"{""tinyaudit"": ""0.1.0"", ""numpy"": ""1.26.4"", ""pandas"": ""3.0.3"", ""scikit-learn"": ""1.9.0"", ""torch"": ""2.12.0""}"
compas,mlp,sex,prune:0.3,0,0.145773,0.111204,0.740001,0.631876,0.068696,0.120674,1281,1976583,791164,3.11.15,"{""tinyaudit"": ""0.1.0"", ""numpy"": ""1.26.4"", ""pandas"": ""3.0.3"", ""scikit-learn"": ""1.9.0"", ""torch"": ""2.12.0""}"
compas,mlp,sex,prune:0.5,0,0.0,0.0,1.0,0.615829,0.252571,0.0,1281,1976583,791164,3.11.15,"{""tinyaudit"": ""0.1.0"", ""numpy"": ""1.26.4"", ""pandas"": ""3.0.3"", ""scikit-learn"": ""1.9.0"", ""torch"": ""2.12.0""}"
compas,mlp,sex,prune:0.7,0,0.008768,0.008364,0.991169,0.652142,0.218357,0.000864,1281,1976583,791164,3.11.15,"{""tinyaudit"": ""0.1.0"", ""numpy"": ""1.26.4"", ""pandas"": ""3.0.3"", ""scikit-learn"": ""1.9.0"", ""torch"": ""2.12.0""}"
compas,mlp,sex,prune:0.9,0,0.0,0.0,1.0,0.690464,0.070038,0.0,1281,1976583,791164,3.11.15,"{""tinyaudit"": ""0.1.0"", ""numpy"": ""1.26.4"", ""pandas"": ""3.0.3"", ""scikit-learn"": ""1.9.0"", ""torch"": ""2.12.0""}"
compas,mlp,race,none,0,0.313682,0.613636,0.389346,0.611942,0.120732,0.49418,1281,1976583,791110,3.11.15,"{""tinyaudit"": ""0.1.0"", ""numpy"": ""1.26.4"", ""pandas"": ""3.0.3"", ""scikit-learn"": ""1.9.0"", ""torch"": ""2.12.0""}"
compas,mlp,race,int8,0,0.332338,0.545455,0.375701,,,,1281,1976583,674458,3.11.15,"{""tinyaudit"": ""0.1.0"", ""numpy"": ""1.26.4"", ""pandas"": ""3.0.3"", ""scikit-learn"": ""1.9.0"", ""torch"": ""2.12.0""}"
compas,mlp,race,prune:0.3,0,0.335958,0.501326,0.496063,0.649133,0.199145,0.327183,1281,1976583,791164,3.11.15,"{""tinyaudit"": ""0.1.0"", ""numpy"": ""1.26.4"", ""pandas"": ""3.0.3"", ""scikit-learn"": ""1.9.0"", ""torch"": ""2.12.0""}"
compas,mlp,race,prune:0.5,0,0.0,0.0,1.0,0.632794,0.270766,0.0,1281,1976583,791164,3.11.15,"{""tinyaudit"": ""0.1.0"", ""numpy"": ""1.26.4"", ""pandas"": ""3.0.3"", ""scikit-learn"": ""1.9.0"", ""torch"": ""2.12.0""}"
compas,mlp,race,prune:0.7,0,0.022727,0.029412,0.977273,0.657883,0.237395,0.005123,1281,1976583,791110,3.11.15,"{""tinyaudit"": ""0.1.0"", ""numpy"": ""1.26.4"", ""pandas"": ""3.0.3"", ""scikit-learn"": ""1.9.0"", ""torch"": ""2.12.0""}"
compas,mlp,race,prune:0.9,0,0.0,0.0,1.0,0.690466,0.090428,0.0,1281,1976583,791164,3.11.15,"{""tinyaudit"": ""0.1.0"", ""numpy"": ""1.26.4"", ""pandas"": ""3.0.3"", ""scikit-learn"": ""1.9.0"", ""torch"": ""2.12.0""}"
folktables,logreg,sex,none,0,0.029345,0.04062,0.928862,0.462993,0.017487,0.055446,9,440253,1372486,3.11.15,"{""tinyaudit"": ""0.1.0"", ""numpy"": ""1.26.4"", ""pandas"": ""3.0.3"", ""scikit-learn"": ""1.9.0"", ""torch"": ""2.12.0""}"
folktables,logreg,sex,int8,0,0.029345,0.04062,0.928862,,,,9,440253,22303872,3.11.15,"{""tinyaudit"": ""0.1.0"", ""numpy"": ""1.26.4"", ""pandas"": ""3.0.3"", ""scikit-learn"": ""1.9.0"", ""torch"": ""2.12.0""}"
folktables,logreg,sex,prune:0.3,0,0.034445,0.041994,0.915218,0.476276,0.024978,0.054871,9,440253,1371254,3.11.15,"{""tinyaudit"": ""0.1.0"", ""numpy"": ""1.26.4"", ""pandas"": ""3.0.3"", ""scikit-learn"": ""1.9.0"", ""torch"": ""2.12.0""}"
folktables,logreg,sex,prune:0.5,0,0.041874,0.037068,0.895911,0.485688,0.029459,0.059118,9,440253,1371254,3.11.15,"{""tinyaudit"": ""0.1.0"", ""numpy"": ""1.26.4"", ""pandas"": ""3.0.3"", ""scikit-learn"": ""1.9.0"", ""torch"": ""2.12.0""}"
folktables,logreg,sex,prune:0.7,0,0.064043,0.023805,0.83605,0.540759,0.053241,0.08376,9,440253,1371254,3.11.15,"{""tinyaudit"": ""0.1.0"", ""numpy"": ""1.26.4"", ""pandas"": ""3.0.3"", ""scikit-learn"": ""1.9.0"", ""torch"": ""2.12.0""}"
folktables,logreg,sex,prune:0.9,0,0.0,0.0,1.0,0.650052,0.055703,0.0,9,440253,1371254,3.11.15,"{""tinyaudit"": ""0.1.0"", ""numpy"": ""1.26.4"", ""pandas"": ""3.0.3"", ""scikit-learn"": ""1.9.0"", ""torch"": ""2.12.0""}"
folktables,logreg,race,none,0,0.358043,0.575045,0.283914,0.462678,0.058625,0.315355,9,440253,1371254,3.11.15,"{""tinyaudit"": ""0.1.0"", ""numpy"": ""1.26.4"", ""pandas"": ""3.0.3"", ""scikit-learn"": ""1.9.0"", ""torch"": ""2.12.0""}"
folktables,logreg,race,int8,0,0.358043,0.575045,0.283914,,,,9,440253,22298878,3.11.15,"{""tinyaudit"": ""0.1.0"", ""numpy"": ""1.26.4"", ""pandas"": ""3.0.3"", ""scikit-learn"": ""1.9.0"", ""torch"": ""2.12.0""}"
folktables,logreg,race,prune:0.3,0,0.35998,0.354539,0.283817,0.473382,0.067812,0.325187,9,440253,1371254,3.11.15,"{""tinyaudit"": ""0.1.0"", ""numpy"": ""1.26.4"", ""pandas"": ""3.0.3"", ""scikit-learn"": ""1.9.0"", ""torch"": ""2.12.0""}"
folktables,logreg,race,prune:0.5,0,0.36213,0.36493,0.275828,0.484556,0.070339,0.323796,9,440253,1371254,3.11.15,"{""tinyaudit"": ""0.1.0"", ""numpy"": ""1.26.4"", ""pandas"": ""3.0.3"", ""scikit-learn"": ""1.9.0"", ""torch"": ""2.12.0""}"
folktables,logreg,race,prune:0.7,0,0.506071,0.765239,0.0,0.537768,0.091838,0.298741,9,440253,1371254,3.11.15,"{""tinyaudit"": ""0.1.0"", ""numpy"": ""1.26.4"", ""pandas"": ""3.0.3"", ""scikit-learn"": ""1.9.0"", ""torch"": ""2.12.0""}"
folktables,logreg,race,prune:0.9,0,0.0,0.0,1.0,0.650052,0.096703,0.0,9,440253,1371254,3.11.15,"{""tinyaudit"": ""0.1.0"", ""numpy"": ""1.26.4"", ""pandas"": ""3.0.3"", ""scikit-learn"": ""1.9.0"", ""torch"": ""2.12.0""}"
folktables,tree,sex,none,0,0.076019,0.026809,0.830061,,,,62773,3070666841,3132892,3.11.15,"{""tinyaudit"": ""0.1.0"", ""numpy"": ""1.26.4"", ""pandas"": ""3.0.3"", ""scikit-learn"": ""1.9.0"", ""torch"": ""2.12.0""}"
folktables,tree,race,none,0,0.286102,0.382404,0.427796,,,,62773,3070666841,3131788,3.11.15,"{""tinyaudit"": ""0.1.0"", ""numpy"": ""1.26.4"", ""pandas"": ""3.0.3"", ""scikit-learn"": ""1.9.0"", ""torch"": ""2.12.0""}"
folktables,mlp,sex,none,0,0.072852,0.009447,0.830976,0.441255,0.020456,0.037605,1377,67358709,25046652,3.11.15,"{""tinyaudit"": ""0.1.0"", ""numpy"": ""1.26.4"", ""pandas"": ""3.0.3"", ""scikit-learn"": ""1.9.0"", ""torch"": ""2.12.0""}"
folktables,mlp,sex,int8,0,0.074892,0.013616,0.819408,,,,1377,67358709,22299606,3.11.15,"{""tinyaudit"": ""0.1.0"", ""numpy"": ""1.26.4"", ""pandas"": ""3.0.3"", ""scikit-learn"": ""1.9.0"", ""torch"": ""2.12.0""}"
folktables,mlp,sex,prune:0.3,0,0.022926,0.030052,0.964804,0.48592,0.089863,0.048196,1377,67358709,25046652,3.11.15,"{""tinyaudit"": ""0.1.0"", ""numpy"": ""1.26.4"", ""pandas"": ""3.0.3"", ""scikit-learn"": ""1.9.0"", ""torch"": ""2.12.0""}"
folktables,mlp,sex,prune:0.5,0,0.009946,0.046551,0.982461,0.468302,0.087877,0.068014,1377,67358709,25046652,3.11.15,"{""tinyaudit"": ""0.1.0"", ""numpy"": ""1.26.4"", ""pandas"": ""3.0.3"", ""scikit-learn"": ""1.9.0"", ""torch"": ""2.12.0""}"
folktables,mlp,sex,prune:0.7,0,0.015798,0.09694,0.958913,0.469384,0.0447,0.015124,1377,67358709,25046652,3.11.15,"{""tinyaudit"": ""0.1.0"", ""numpy"": ""1.26.4"", ""pandas"": ""3.0.3"", ""scikit-learn"": ""1.9.0"", ""torch"": ""2.12.0""}"
folktables,mlp,sex,prune:0.9,0,0.175311,0.202588,0.680197,0.623911,0.109418,0.241041,1377,67358709,25046652,3.11.15,"{""tinyaudit"": ""0.1.0"", ""numpy"": ""1.26.4"", ""pandas"": ""3.0.3"", ""scikit-learn"": ""1.9.0"", ""torch"": ""2.12.0""}"
folktables,mlp,race,none,0,0.36662,0.556962,0.26676,0.43073,0.043351,0.251608,1377,67358709,25046652,3.11.15,"{""tinyaudit"": ""0.1.0"", ""numpy"": ""1.26.4"", ""pandas"": ""3.0.3"", ""scikit-learn"": ""1.9.0"", ""torch"": ""2.12.0""}"
folktables,mlp,race,int8,0,0.375722,0.576854,0.248556,,,,1377,67358709,22298046,3.11.15,"{""tinyaudit"": ""0.1.0"", ""numpy"": ""1.26.4"", ""pandas"": ""3.0.3"", ""scikit-learn"": ""1.9.0"", ""torch"": ""2.12.0""}"
folktables,mlp,race,prune:0.3,0,0.288421,0.214503,0.615438,0.502973,0.128764,0.443026,1377,67358709,25046652,3.11.15,"{""tinyaudit"": ""0.1.0"", ""numpy"": ""1.26.4"", ""pandas"": ""3.0.3"", ""scikit-learn"": ""1.9.0"", ""torch"": ""2.12.0""}"
folktables,mlp,race,prune:0.5,0,0.307325,0.357143,0.590233,0.471682,0.137676,0.416139,1377,67358709,25046652,3.11.15,"{""tinyaudit"": ""0.1.0"", ""numpy"": ""1.26.4"", ""pandas"": ""3.0.3"", ""scikit-learn"": ""1.9.0"", ""torch"": ""2.12.0""}"
folktables,mlp,race,prune:0.7,0,0.601392,0.678571,0.198145,0.466452,0.093882,0.396978,1377,67358709,25046652,3.11.15,"{""tinyaudit"": ""0.1.0"", ""numpy"": ""1.26.4"", ""pandas"": ""3.0.3"", ""scikit-learn"": ""1.9.0"", ""torch"": ""2.12.0""}"
folktables,mlp,race,prune:0.9,0,0.11373,0.275441,0.788558,0.607718,0.165353,0.202695,1377,67358709,25046652,3.11.15,"{""tinyaudit"": ""0.1.0"", ""numpy"": ""1.26.4"", ""pandas"": ""3.0.3"", ""scikit-learn"": ""1.9.0"", ""torch"": ""2.12.0""}"
