dataset,model,sensitive,sparsity,seed,binning,n_bins,mean_ece_per_group,ece_disparity,min_group_ece,max_group_ece,n_groups_scored,mean_confidence,std_confidence,n_distinct_confidence,python,versions
adult,mlp,sex,0.0,0,equal_width,10,0.02548,0.023612,0.013674,0.037286,2,0.859757,0.157888,10102,3.11.15,"{""tinyaudit"": ""0.1.0"", ""numpy"": ""1.26.4"", ""pandas"": ""3.0.3"", ""scikit-learn"": ""1.9.0""}"
adult,mlp,sex,0.0,0,equal_width,15,0.026007,0.0259,0.013058,0.038957,2,0.859757,0.157888,10102,3.11.15,"{""tinyaudit"": ""0.1.0"", ""numpy"": ""1.26.4"", ""pandas"": ""3.0.3"", ""scikit-learn"": ""1.9.0""}"
adult,mlp,sex,0.0,0,equal_mass,10,0.025229,0.024113,0.013173,0.037286,2,0.859757,0.157888,10102,3.11.15,"{""tinyaudit"": ""0.1.0"", ""numpy"": ""1.26.4"", ""pandas"": ""3.0.3"", ""scikit-learn"": ""1.9.0""}"
adult,mlp,sex,0.0,0,equal_mass,15,0.025878,0.024345,0.013705,0.03805,2,0.859757,0.157888,10102,3.11.15,"{""tinyaudit"": ""0.1.0"", ""numpy"": ""1.26.4"", ""pandas"": ""3.0.3"", ""scikit-learn"": ""1.9.0""}"
adult,mlp,sex,0.0,1,equal_width,10,0.036349,0.025879,0.023409,0.049288,2,0.881209,0.152795,8862,3.11.15,"{""tinyaudit"": ""0.1.0"", ""numpy"": ""1.26.4"", ""pandas"": ""3.0.3"", ""scikit-learn"": ""1.9.0""}"
adult,mlp,sex,0.0,1,equal_width,15,0.037571,0.025898,0.024622,0.050521,2,0.881209,0.152795,8862,3.11.15,"{""tinyaudit"": ""0.1.0"", ""numpy"": ""1.26.4"", ""pandas"": ""3.0.3"", ""scikit-learn"": ""1.9.0""}"
adult,mlp,sex,0.0,1,equal_mass,10,0.035774,0.029167,0.02119,0.050357,2,0.881209,0.152795,8862,3.11.15,"{""tinyaudit"": ""0.1.0"", ""numpy"": ""1.26.4"", ""pandas"": ""3.0.3"", ""scikit-learn"": ""1.9.0""}"
adult,mlp,sex,0.0,1,equal_mass,15,0.036408,0.028684,0.022066,0.050749,2,0.881209,0.152795,8862,3.11.15,"{""tinyaudit"": ""0.1.0"", ""numpy"": ""1.26.4"", ""pandas"": ""3.0.3"", ""scikit-learn"": ""1.9.0""}"
adult,mlp,sex,0.0,2,equal_width,10,0.021085,0.027248,0.007461,0.034709,2,0.855691,0.159905,9705,3.11.15,"{""tinyaudit"": ""0.1.0"", ""numpy"": ""1.26.4"", ""pandas"": ""3.0.3"", ""scikit-learn"": ""1.9.0""}"
adult,mlp,sex,0.0,2,equal_width,15,0.022895,0.023628,0.01108,0.034709,2,0.855691,0.159905,9705,3.11.15,"{""tinyaudit"": ""0.1.0"", ""numpy"": ""1.26.4"", ""pandas"": ""3.0.3"", ""scikit-learn"": ""1.9.0""}"
adult,mlp,sex,0.0,2,equal_mass,10,0.022422,0.024574,0.010135,0.034709,2,0.855691,0.159905,9705,3.11.15,"{""tinyaudit"": ""0.1.0"", ""numpy"": ""1.26.4"", ""pandas"": ""3.0.3"", ""scikit-learn"": ""1.9.0""}"
adult,mlp,sex,0.0,2,equal_mass,15,0.022443,0.025673,0.009606,0.035279,2,0.855691,0.159905,9705,3.11.15,"{""tinyaudit"": ""0.1.0"", ""numpy"": ""1.26.4"", ""pandas"": ""3.0.3"", ""scikit-learn"": ""1.9.0""}"
adult,mlp,sex,0.0,3,equal_width,10,0.03254,0.024417,0.020331,0.044748,2,0.871242,0.157325,9057,3.11.15,"{""tinyaudit"": ""0.1.0"", ""numpy"": ""1.26.4"", ""pandas"": ""3.0.3"", ""scikit-learn"": ""1.9.0""}"
adult,mlp,sex,0.0,3,equal_width,15,0.032765,0.023966,0.020782,0.044748,2,0.871242,0.157325,9057,3.11.15,"{""tinyaudit"": ""0.1.0"", ""numpy"": ""1.26.4"", ""pandas"": ""3.0.3"", ""scikit-learn"": ""1.9.0""}"
adult,mlp,sex,0.0,3,equal_mass,10,0.030353,0.028791,0.015957,0.044748,2,0.871242,0.157325,9057,3.11.15,"{""tinyaudit"": ""0.1.0"", ""numpy"": ""1.26.4"", ""pandas"": ""3.0.3"", ""scikit-learn"": ""1.9.0""}"
adult,mlp,sex,0.0,3,equal_mass,15,0.032336,0.026652,0.01901,0.045662,2,0.871242,0.157325,9057,3.11.15,"{""tinyaudit"": ""0.1.0"", ""numpy"": ""1.26.4"", ""pandas"": ""3.0.3"", ""scikit-learn"": ""1.9.0""}"
adult,mlp,sex,0.0,4,equal_width,10,0.018887,0.018081,0.009847,0.027928,2,0.85342,0.163823,9978,3.11.15,"{""tinyaudit"": ""0.1.0"", ""numpy"": ""1.26.4"", ""pandas"": ""3.0.3"", ""scikit-learn"": ""1.9.0""}"
adult,mlp,sex,0.0,4,equal_width,15,0.020738,0.015622,0.012927,0.028549,2,0.85342,0.163823,9978,3.11.15,"{""tinyaudit"": ""0.1.0"", ""numpy"": ""1.26.4"", ""pandas"": ""3.0.3"", ""scikit-learn"": ""1.9.0""}"
adult,mlp,sex,0.0,4,equal_mass,10,0.018575,0.017282,0.009934,0.027216,2,0.85342,0.163823,9978,3.11.15,"{""tinyaudit"": ""0.1.0"", ""numpy"": ""1.26.4"", ""pandas"": ""3.0.3"", ""scikit-learn"": ""1.9.0""}"
adult,mlp,sex,0.0,4,equal_mass,15,0.019862,0.016276,0.011724,0.028,2,0.85342,0.163823,9978,3.11.15,"{""tinyaudit"": ""0.1.0"", ""numpy"": ""1.26.4"", ""pandas"": ""3.0.3"", ""scikit-learn"": ""1.9.0""}"
adult,mlp,sex,0.3,0,equal_width,10,0.073892,0.076275,0.035754,0.11203,2,0.860869,0.152927,10594,3.11.15,"{""tinyaudit"": ""0.1.0"", ""numpy"": ""1.26.4"", ""pandas"": ""3.0.3"", ""scikit-learn"": ""1.9.0""}"
adult,mlp,sex,0.3,0,equal_width,15,0.073075,0.07791,0.034119,0.11203,2,0.860869,0.152927,10594,3.11.15,"{""tinyaudit"": ""0.1.0"", ""numpy"": ""1.26.4"", ""pandas"": ""3.0.3"", ""scikit-learn"": ""1.9.0""}"
adult,mlp,sex,0.3,0,equal_mass,10,0.073257,0.077547,0.034483,0.11203,2,0.860869,0.152927,10594,3.11.15,"{""tinyaudit"": ""0.1.0"", ""numpy"": ""1.26.4"", ""pandas"": ""3.0.3"", ""scikit-learn"": ""1.9.0""}"
adult,mlp,sex,0.3,0,equal_mass,15,0.073727,0.076606,0.035424,0.11203,2,0.860869,0.152927,10594,3.11.15,"{""tinyaudit"": ""0.1.0"", ""numpy"": ""1.26.4"", ""pandas"": ""3.0.3"", ""scikit-learn"": ""1.9.0""}"
adult,mlp,sex,0.3,1,equal_width,10,0.202954,0.057027,0.174441,0.231468,2,0.851629,0.149294,11061,3.11.15,"{""tinyaudit"": ""0.1.0"", ""numpy"": ""1.26.4"", ""pandas"": ""3.0.3"", ""scikit-learn"": ""1.9.0""}"
adult,mlp,sex,0.3,1,equal_width,15,0.204038,0.059195,0.174441,0.233635,2,0.851629,0.149294,11061,3.11.15,"{""tinyaudit"": ""0.1.0"", ""numpy"": ""1.26.4"", ""pandas"": ""3.0.3"", ""scikit-learn"": ""1.9.0""}"
adult,mlp,sex,0.3,1,equal_mass,10,0.202954,0.057027,0.174441,0.231468,2,0.851629,0.149294,11061,3.11.15,"{""tinyaudit"": ""0.1.0"", ""numpy"": ""1.26.4"", ""pandas"": ""3.0.3"", ""scikit-learn"": ""1.9.0""}"
adult,mlp,sex,0.3,1,equal_mass,15,0.202954,0.057027,0.174441,0.231468,2,0.851629,0.149294,11061,3.11.15,"{""tinyaudit"": ""0.1.0"", ""numpy"": ""1.26.4"", ""pandas"": ""3.0.3"", ""scikit-learn"": ""1.9.0""}"
adult,mlp,sex,0.3,2,equal_width,10,0.379768,0.030922,0.364308,0.395229,2,0.88481,0.140195,10860,3.11.15,"{""tinyaudit"": ""0.1.0"", ""numpy"": ""1.26.4"", ""pandas"": ""3.0.3"", ""scikit-learn"": ""1.9.0""}"
adult,mlp,sex,0.3,2,equal_width,15,0.381802,0.026854,0.368375,0.395229,2,0.88481,0.140195,10860,3.11.15,"{""tinyaudit"": ""0.1.0"", ""numpy"": ""1.26.4"", ""pandas"": ""3.0.3"", ""scikit-learn"": ""1.9.0""}"
adult,mlp,sex,0.3,2,equal_mass,10,0.379768,0.030922,0.364308,0.395229,2,0.88481,0.140195,10860,3.11.15,"{""tinyaudit"": ""0.1.0"", ""numpy"": ""1.26.4"", ""pandas"": ""3.0.3"", ""scikit-learn"": ""1.9.0""}"
adult,mlp,sex,0.3,2,equal_mass,15,0.379768,0.030922,0.364308,0.395229,2,0.88481,0.140195,10860,3.11.15,"{""tinyaudit"": ""0.1.0"", ""numpy"": ""1.26.4"", ""pandas"": ""3.0.3"", ""scikit-learn"": ""1.9.0""}"
adult,mlp,sex,0.3,3,equal_width,10,0.122433,0.051457,0.096704,0.148161,2,0.839073,0.158763,10609,3.11.15,"{""tinyaudit"": ""0.1.0"", ""numpy"": ""1.26.4"", ""pandas"": ""3.0.3"", ""scikit-learn"": ""1.9.0""}"
adult,mlp,sex,0.3,3,equal_width,15,0.122865,0.050592,0.097569,0.148161,2,0.839073,0.158763,10609,3.11.15,"{""tinyaudit"": ""0.1.0"", ""numpy"": ""1.26.4"", ""pandas"": ""3.0.3"", ""scikit-learn"": ""1.9.0""}"
adult,mlp,sex,0.3,3,equal_mass,10,0.122433,0.051457,0.096704,0.148161,2,0.839073,0.158763,10609,3.11.15,"{""tinyaudit"": ""0.1.0"", ""numpy"": ""1.26.4"", ""pandas"": ""3.0.3"", ""scikit-learn"": ""1.9.0""}"
adult,mlp,sex,0.3,3,equal_mass,15,0.122433,0.051457,0.096704,0.148161,2,0.839073,0.158763,10609,3.11.15,"{""tinyaudit"": ""0.1.0"", ""numpy"": ""1.26.4"", ""pandas"": ""3.0.3"", ""scikit-learn"": ""1.9.0""}"
adult,mlp,sex,0.3,4,equal_width,10,0.064797,0.074889,0.027353,0.102242,2,0.884302,0.144185,9414,3.11.15,"{""tinyaudit"": ""0.1.0"", ""numpy"": ""1.26.4"", ""pandas"": ""3.0.3"", ""scikit-learn"": ""1.9.0""}"
adult,mlp,sex,0.3,4,equal_width,15,0.065821,0.072841,0.029401,0.102242,2,0.884302,0.144185,9414,3.11.15,"{""tinyaudit"": ""0.1.0"", ""numpy"": ""1.26.4"", ""pandas"": ""3.0.3"", ""scikit-learn"": ""1.9.0""}"
adult,mlp,sex,0.3,4,equal_mass,10,0.064807,0.07487,0.027371,0.102242,2,0.884302,0.144185,9414,3.11.15,"{""tinyaudit"": ""0.1.0"", ""numpy"": ""1.26.4"", ""pandas"": ""3.0.3"", ""scikit-learn"": ""1.9.0""}"
adult,mlp,sex,0.3,4,equal_mass,15,0.064404,0.075676,0.026566,0.102242,2,0.884302,0.144185,9414,3.11.15,"{""tinyaudit"": ""0.1.0"", ""numpy"": ""1.26.4"", ""pandas"": ""3.0.3"", ""scikit-learn"": ""1.9.0""}"
adult,mlp,sex,0.5,0,equal_width,10,0.167231,0.061836,0.136313,0.198149,2,0.816501,0.157622,11450,3.11.15,"{""tinyaudit"": ""0.1.0"", ""numpy"": ""1.26.4"", ""pandas"": ""3.0.3"", ""scikit-learn"": ""1.9.0""}"
adult,mlp,sex,0.5,0,equal_width,15,0.167326,0.062025,0.136313,0.198338,2,0.816501,0.157622,11450,3.11.15,"{""tinyaudit"": ""0.1.0"", ""numpy"": ""1.26.4"", ""pandas"": ""3.0.3"", ""scikit-learn"": ""1.9.0""}"
adult,mlp,sex,0.5,0,equal_mass,10,0.167231,0.061836,0.136313,0.198149,2,0.816501,0.157622,11450,3.11.15,"{""tinyaudit"": ""0.1.0"", ""numpy"": ""1.26.4"", ""pandas"": ""3.0.3"", ""scikit-learn"": ""1.9.0""}"
adult,mlp,sex,0.5,0,equal_mass,15,0.167231,0.061836,0.136313,0.198149,2,0.816501,0.157622,11450,3.11.15,"{""tinyaudit"": ""0.1.0"", ""numpy"": ""1.26.4"", ""pandas"": ""3.0.3"", ""scikit-learn"": ""1.9.0""}"
adult,mlp,sex,0.5,1,equal_width,10,0.105935,0.025101,0.093385,0.118485,2,0.819885,0.160011,11342,3.11.15,"{""tinyaudit"": ""0.1.0"", ""numpy"": ""1.26.4"", ""pandas"": ""3.0.3"", ""scikit-learn"": ""1.9.0""}"
adult,mlp,sex,0.5,1,equal_width,15,0.1063,0.02583,0.093385,0.119215,2,0.819885,0.160011,11342,3.11.15,"{""tinyaudit"": ""0.1.0"", ""numpy"": ""1.26.4"", ""pandas"": ""3.0.3"", ""scikit-learn"": ""1.9.0""}"
adult,mlp,sex,0.5,1,equal_mass,10,0.105935,0.025101,0.093385,0.118485,2,0.819885,0.160011,11342,3.11.15,"{""tinyaudit"": ""0.1.0"", ""numpy"": ""1.26.4"", ""pandas"": ""3.0.3"", ""scikit-learn"": ""1.9.0""}"
adult,mlp,sex,0.5,1,equal_mass,15,0.106384,0.025999,0.093385,0.119384,2,0.819885,0.160011,11342,3.11.15,"{""tinyaudit"": ""0.1.0"", ""numpy"": ""1.26.4"", ""pandas"": ""3.0.3"", ""scikit-learn"": ""1.9.0""}"
adult,mlp,sex,0.5,2,equal_width,10,0.423215,0.104136,0.371147,0.475283,2,0.854344,0.147753,11174,3.11.15,"{""tinyaudit"": ""0.1.0"", ""numpy"": ""1.26.4"", ""pandas"": ""3.0.3"", ""scikit-learn"": ""1.9.0""}"
adult,mlp,sex,0.5,2,equal_width,15,0.423215,0.104136,0.371147,0.475283,2,0.854344,0.147753,11174,3.11.15,"{""tinyaudit"": ""0.1.0"", ""numpy"": ""1.26.4"", ""pandas"": ""3.0.3"", ""scikit-learn"": ""1.9.0""}"
adult,mlp,sex,0.5,2,equal_mass,10,0.423215,0.104136,0.371147,0.475283,2,0.854344,0.147753,11174,3.11.15,"{""tinyaudit"": ""0.1.0"", ""numpy"": ""1.26.4"", ""pandas"": ""3.0.3"", ""scikit-learn"": ""1.9.0""}"
adult,mlp,sex,0.5,2,equal_mass,15,0.423215,0.104136,0.371147,0.475283,2,0.854344,0.147753,11174,3.11.15,"{""tinyaudit"": ""0.1.0"", ""numpy"": ""1.26.4"", ""pandas"": ""3.0.3"", ""scikit-learn"": ""1.9.0""}"
adult,mlp,sex,0.5,3,equal_width,10,0.189238,0.08251,0.147983,0.230493,2,0.847914,0.153066,11039,3.11.15,"{""tinyaudit"": ""0.1.0"", ""numpy"": ""1.26.4"", ""pandas"": ""3.0.3"", ""scikit-learn"": ""1.9.0""}"
adult,mlp,sex,0.5,3,equal_width,15,0.190483,0.080019,0.150474,0.230493,2,0.847914,0.153066,11039,3.11.15,"{""tinyaudit"": ""0.1.0"", ""numpy"": ""1.26.4"", ""pandas"": ""3.0.3"", ""scikit-learn"": ""1.9.0""}"
adult,mlp,sex,0.5,3,equal_mass,10,0.187873,0.085239,0.145254,0.230493,2,0.847914,0.153066,11039,3.11.15,"{""tinyaudit"": ""0.1.0"", ""numpy"": ""1.26.4"", ""pandas"": ""3.0.3"", ""scikit-learn"": ""1.9.0""}"
adult,mlp,sex,0.5,3,equal_mass,15,0.191639,0.077706,0.152786,0.230493,2,0.847914,0.153066,11039,3.11.15,"{""tinyaudit"": ""0.1.0"", ""numpy"": ""1.26.4"", ""pandas"": ""3.0.3"", ""scikit-learn"": ""1.9.0""}"
adult,mlp,sex,0.5,4,equal_width,10,0.123657,0.065111,0.091102,0.156212,2,0.918933,0.132458,7679,3.11.15,"{""tinyaudit"": ""0.1.0"", ""numpy"": ""1.26.4"", ""pandas"": ""3.0.3"", ""scikit-learn"": ""1.9.0""}"
adult,mlp,sex,0.5,4,equal_width,15,0.123752,0.064921,0.091291,0.156212,2,0.918933,0.132458,7679,3.11.15,"{""tinyaudit"": ""0.1.0"", ""numpy"": ""1.26.4"", ""pandas"": ""3.0.3"", ""scikit-learn"": ""1.9.0""}"
adult,mlp,sex,0.5,4,equal_mass,10,0.123657,0.065111,0.091102,0.156212,2,0.918933,0.132458,7679,3.11.15,"{""tinyaudit"": ""0.1.0"", ""numpy"": ""1.26.4"", ""pandas"": ""3.0.3"", ""scikit-learn"": ""1.9.0""}"
adult,mlp,sex,0.5,4,equal_mass,15,0.123657,0.065111,0.091102,0.156212,2,0.918933,0.132458,7679,3.11.15,"{""tinyaudit"": ""0.1.0"", ""numpy"": ""1.26.4"", ""pandas"": ""3.0.3"", ""scikit-learn"": ""1.9.0""}"
adult,mlp,sex,0.7,0,equal_width,10,0.262582,0.040322,0.242421,0.282743,2,0.767756,0.159709,11585,3.11.15,"{""tinyaudit"": ""0.1.0"", ""numpy"": ""1.26.4"", ""pandas"": ""3.0.3"", ""scikit-learn"": ""1.9.0""}"
adult,mlp,sex,0.7,0,equal_width,15,0.262582,0.040322,0.242421,0.282743,2,0.767756,0.159709,11585,3.11.15,"{""tinyaudit"": ""0.1.0"", ""numpy"": ""1.26.4"", ""pandas"": ""3.0.3"", ""scikit-learn"": ""1.9.0""}"
adult,mlp,sex,0.7,0,equal_mass,10,0.262582,0.040322,0.242421,0.282743,2,0.767756,0.159709,11585,3.11.15,"{""tinyaudit"": ""0.1.0"", ""numpy"": ""1.26.4"", ""pandas"": ""3.0.3"", ""scikit-learn"": ""1.9.0""}"
adult,mlp,sex,0.7,0,equal_mass,15,0.262582,0.040322,0.242421,0.282743,2,0.767756,0.159709,11585,3.11.15,"{""tinyaudit"": ""0.1.0"", ""numpy"": ""1.26.4"", ""pandas"": ""3.0.3"", ""scikit-learn"": ""1.9.0""}"
adult,mlp,sex,0.7,1,equal_width,10,0.284109,0.07202,0.248099,0.32012,2,0.743085,0.151714,9951,3.11.15,"{""tinyaudit"": ""0.1.0"", ""numpy"": ""1.26.4"", ""pandas"": ""3.0.3"", ""scikit-learn"": ""1.9.0""}"
adult,mlp,sex,0.7,1,equal_width,15,0.285294,0.069651,0.250469,0.32012,2,0.743085,0.151714,9951,3.11.15,"{""tinyaudit"": ""0.1.0"", ""numpy"": ""1.26.4"", ""pandas"": ""3.0.3"", ""scikit-learn"": ""1.9.0""}"
adult,mlp,sex,0.7,1,equal_mass,10,0.284109,0.07202,0.248099,0.32012,2,0.743085,0.151714,9951,3.11.15,"{""tinyaudit"": ""0.1.0"", ""numpy"": ""1.26.4"", ""pandas"": ""3.0.3"", ""scikit-learn"": ""1.9.0""}"
adult,mlp,sex,0.7,1,equal_mass,15,0.284109,0.07202,0.248099,0.32012,2,0.743085,0.151714,9951,3.11.15,"{""tinyaudit"": ""0.1.0"", ""numpy"": ""1.26.4"", ""pandas"": ""3.0.3"", ""scikit-learn"": ""1.9.0""}"
adult,mlp,sex,0.7,2,equal_width,10,0.237027,0.004842,0.234606,0.239448,2,0.737285,0.144518,9849,3.11.15,"{""tinyaudit"": ""0.1.0"", ""numpy"": ""1.26.4"", ""pandas"": ""3.0.3"", ""scikit-learn"": ""1.9.0""}"
adult,mlp,sex,0.7,2,equal_width,15,0.237027,0.004842,0.234606,0.239448,2,0.737285,0.144518,9849,3.11.15,"{""tinyaudit"": ""0.1.0"", ""numpy"": ""1.26.4"", ""pandas"": ""3.0.3"", ""scikit-learn"": ""1.9.0""}"
adult,mlp,sex,0.7,2,equal_mass,10,0.237027,0.004842,0.234606,0.239448,2,0.737285,0.144518,9849,3.11.15,"{""tinyaudit"": ""0.1.0"", ""numpy"": ""1.26.4"", ""pandas"": ""3.0.3"", ""scikit-learn"": ""1.9.0""}"
adult,mlp,sex,0.7,2,equal_mass,15,0.237027,0.004842,0.234606,0.239448,2,0.737285,0.144518,9849,3.11.15,"{""tinyaudit"": ""0.1.0"", ""numpy"": ""1.26.4"", ""pandas"": ""3.0.3"", ""scikit-learn"": ""1.9.0""}"
adult,mlp,sex,0.7,3,equal_width,10,0.040762,0.025502,0.028011,0.053513,2,0.83702,0.171815,9376,3.11.15,"{""tinyaudit"": ""0.1.0"", ""numpy"": ""1.26.4"", ""pandas"": ""3.0.3"", ""scikit-learn"": ""1.9.0""}"
adult,mlp,sex,0.7,3,equal_width,15,0.041329,0.025399,0.02863,0.054029,2,0.83702,0.171815,9376,3.11.15,"{""tinyaudit"": ""0.1.0"", ""numpy"": ""1.26.4"", ""pandas"": ""3.0.3"", ""scikit-learn"": ""1.9.0""}"
adult,mlp,sex,0.7,3,equal_mass,10,0.041118,0.028743,0.026747,0.05549,2,0.83702,0.171815,9376,3.11.15,"{""tinyaudit"": ""0.1.0"", ""numpy"": ""1.26.4"", ""pandas"": ""3.0.3"", ""scikit-learn"": ""1.9.0""}"
adult,mlp,sex,0.7,3,equal_mass,15,0.042028,0.030563,0.026747,0.05731,2,0.83702,0.171815,9376,3.11.15,"{""tinyaudit"": ""0.1.0"", ""numpy"": ""1.26.4"", ""pandas"": ""3.0.3"", ""scikit-learn"": ""1.9.0""}"
adult,mlp,sex,0.7,4,equal_width,10,0.122445,0.048228,0.098331,0.146559,2,0.800928,0.174602,10689,3.11.15,"{""tinyaudit"": ""0.1.0"", ""numpy"": ""1.26.4"", ""pandas"": ""3.0.3"", ""scikit-learn"": ""1.9.0""}"
adult,mlp,sex,0.7,4,equal_width,15,0.122445,0.048228,0.098331,0.146559,2,0.800928,0.174602,10689,3.11.15,"{""tinyaudit"": ""0.1.0"", ""numpy"": ""1.26.4"", ""pandas"": ""3.0.3"", ""scikit-learn"": ""1.9.0""}"
adult,mlp,sex,0.7,4,equal_mass,10,0.122665,0.050098,0.097616,0.147714,2,0.800928,0.174602,10689,3.11.15,"{""tinyaudit"": ""0.1.0"", ""numpy"": ""1.26.4"", ""pandas"": ""3.0.3"", ""scikit-learn"": ""1.9.0""}"
adult,mlp,sex,0.7,4,equal_mass,15,0.12323,0.048966,0.098747,0.147714,2,0.800928,0.174602,10689,3.11.15,"{""tinyaudit"": ""0.1.0"", ""numpy"": ""1.26.4"", ""pandas"": ""3.0.3"", ""scikit-learn"": ""1.9.0""}"
adult,mlp,sex,0.9,0,equal_width,10,0.320297,0.184827,0.227883,0.41271,2,0.528689,0.075382,2162,3.11.15,"{""tinyaudit"": ""0.1.0"", ""numpy"": ""1.26.4"", ""pandas"": ""3.0.3"", ""scikit-learn"": ""1.9.0""}"
adult,mlp,sex,0.9,0,equal_width,15,0.320297,0.184827,0.227883,0.41271,2,0.528689,0.075382,2162,3.11.15,"{""tinyaudit"": ""0.1.0"", ""numpy"": ""1.26.4"", ""pandas"": ""3.0.3"", ""scikit-learn"": ""1.9.0""}"
adult,mlp,sex,0.9,0,equal_mass,10,0.320297,0.184827,0.227883,0.41271,2,0.528689,0.075382,2162,3.11.15,"{""tinyaudit"": ""0.1.0"", ""numpy"": ""1.26.4"", ""pandas"": ""3.0.3"", ""scikit-learn"": ""1.9.0""}"
adult,mlp,sex,0.9,0,equal_mass,15,0.320297,0.184827,0.227883,0.41271,2,0.528689,0.075382,2162,3.11.15,"{""tinyaudit"": ""0.1.0"", ""numpy"": ""1.26.4"", ""pandas"": ""3.0.3"", ""scikit-learn"": ""1.9.0""}"
adult,mlp,sex,0.9,1,equal_width,10,0.341726,0.098064,0.292694,0.390758,2,0.666743,0.092903,3011,3.11.15,"{""tinyaudit"": ""0.1.0"", ""numpy"": ""1.26.4"", ""pandas"": ""3.0.3"", ""scikit-learn"": ""1.9.0""}"
adult,mlp,sex,0.9,1,equal_width,15,0.343641,0.101081,0.2931,0.394181,2,0.666743,0.092903,3011,3.11.15,"{""tinyaudit"": ""0.1.0"", ""numpy"": ""1.26.4"", ""pandas"": ""3.0.3"", ""scikit-learn"": ""1.9.0""}"
adult,mlp,sex,0.9,1,equal_mass,10,0.332423,0.084886,0.28998,0.374866,2,0.666743,0.092903,3011,3.11.15,"{""tinyaudit"": ""0.1.0"", ""numpy"": ""1.26.4"", ""pandas"": ""3.0.3"", ""scikit-learn"": ""1.9.0""}"
adult,mlp,sex,0.9,1,equal_mass,15,0.337438,0.094916,0.28998,0.384896,2,0.666743,0.092903,3011,3.11.15,"{""tinyaudit"": ""0.1.0"", ""numpy"": ""1.26.4"", ""pandas"": ""3.0.3"", ""scikit-learn"": ""1.9.0""}"
adult,mlp,sex,0.9,2,equal_width,10,0.406651,0.19408,0.309611,0.503691,2,0.611987,0.013195,81,3.11.15,"{""tinyaudit"": ""0.1.0"", ""numpy"": ""1.26.4"", ""pandas"": ""3.0.3"", ""scikit-learn"": ""1.9.0""}"
adult,mlp,sex,0.9,2,equal_width,15,0.406651,0.19408,0.309611,0.503691,2,0.611987,0.013195,81,3.11.15,"{""tinyaudit"": ""0.1.0"", ""numpy"": ""1.26.4"", ""pandas"": ""3.0.3"", ""scikit-learn"": ""1.9.0""}"
adult,mlp,sex,0.9,2,equal_mass,10,0.406651,0.19408,0.309611,0.503691,2,0.611987,0.013195,81,3.11.15,"{""tinyaudit"": ""0.1.0"", ""numpy"": ""1.26.4"", ""pandas"": ""3.0.3"", ""scikit-learn"": ""1.9.0""}"
adult,mlp,sex,0.9,2,equal_mass,15,0.406651,0.19408,0.309611,0.503691,2,0.611987,0.013195,81,3.11.15,"{""tinyaudit"": ""0.1.0"", ""numpy"": ""1.26.4"", ""pandas"": ""3.0.3"", ""scikit-learn"": ""1.9.0""}"
adult,mlp,sex,0.9,3,equal_width,10,0.184937,0.168756,0.100559,0.269315,2,0.609111,0.078762,4076,3.11.15,"{""tinyaudit"": ""0.1.0"", ""numpy"": ""1.26.4"", ""pandas"": ""3.0.3"", ""scikit-learn"": ""1.9.0""}"
adult,mlp,sex,0.9,3,equal_width,15,0.189169,0.166686,0.105826,0.272512,2,0.609111,0.078762,4076,3.11.15,"{""tinyaudit"": ""0.1.0"", ""numpy"": ""1.26.4"", ""pandas"": ""3.0.3"", ""scikit-learn"": ""1.9.0""}"
adult,mlp,sex,0.9,3,equal_mass,10,0.181363,0.172207,0.09526,0.267466,2,0.609111,0.078762,4076,3.11.15,"{""tinyaudit"": ""0.1.0"", ""numpy"": ""1.26.4"", ""pandas"": ""3.0.3"", ""scikit-learn"": ""1.9.0""}"
adult,mlp,sex,0.9,3,equal_mass,15,0.187794,0.164787,0.1054,0.270188,2,0.609111,0.078762,4076,3.11.15,"{""tinyaudit"": ""0.1.0"", ""numpy"": ""1.26.4"", ""pandas"": ""3.0.3"", ""scikit-learn"": ""1.9.0""}"
adult,mlp,sex,0.9,4,equal_width,10,0.215081,0.094869,0.167647,0.262515,2,0.624267,0.128621,4429,3.11.15,"{""tinyaudit"": ""0.1.0"", ""numpy"": ""1.26.4"", ""pandas"": ""3.0.3"", ""scikit-learn"": ""1.9.0""}"
adult,mlp,sex,0.9,4,equal_width,15,0.215447,0.095601,0.167647,0.263248,2,0.624267,0.128621,4429,3.11.15,"{""tinyaudit"": ""0.1.0"", ""numpy"": ""1.26.4"", ""pandas"": ""3.0.3"", ""scikit-learn"": ""1.9.0""}"
adult,mlp,sex,0.9,4,equal_mass,10,0.205036,0.071479,0.169296,0.240775,2,0.624267,0.128621,4429,3.11.15,"{""tinyaudit"": ""0.1.0"", ""numpy"": ""1.26.4"", ""pandas"": ""3.0.3"", ""scikit-learn"": ""1.9.0""}"
adult,mlp,sex,0.9,4,equal_mass,15,0.224775,0.087291,0.181129,0.26842,2,0.624267,0.128621,4429,3.11.15,"{""tinyaudit"": ""0.1.0"", ""numpy"": ""1.26.4"", ""pandas"": ""3.0.3"", ""scikit-learn"": ""1.9.0""}"
adult,mlp,race,0.0,0,equal_width,10,0.044277,0.069314,0.015168,0.084482,5,0.859757,0.157888,10102,3.11.15,"{""tinyaudit"": ""0.1.0"", ""numpy"": ""1.26.4"", ""pandas"": ""3.0.3"", ""scikit-learn"": ""1.9.0""}"
adult,mlp,race,0.0,0,equal_width,15,0.048903,0.087035,0.013709,0.100744,5,0.859757,0.157888,10102,3.11.15,"{""tinyaudit"": ""0.1.0"", ""numpy"": ""1.26.4"", ""pandas"": ""3.0.3"", ""scikit-learn"": ""1.9.0""}"
adult,mlp,race,0.0,0,equal_mass,10,0.044727,0.066165,0.021527,0.087692,5,0.859757,0.157888,10102,3.11.15,"{""tinyaudit"": ""0.1.0"", ""numpy"": ""1.26.4"", ""pandas"": ""3.0.3"", ""scikit-learn"": ""1.9.0""}"
adult,mlp,race,0.0,0,equal_mass,15,0.048321,0.077791,0.016254,0.094045,5,0.859757,0.157888,10102,3.11.15,"{""tinyaudit"": ""0.1.0"", ""numpy"": ""1.26.4"", ""pandas"": ""3.0.3"", ""scikit-learn"": ""1.9.0""}"
adult,mlp,race,0.0,1,equal_width,10,0.065556,0.075822,0.032128,0.107951,5,0.881209,0.152795,8862,3.11.15,"{""tinyaudit"": ""0.1.0"", ""numpy"": ""1.26.4"", ""pandas"": ""3.0.3"", ""scikit-learn"": ""1.9.0""}"
adult,mlp,race,0.0,1,equal_width,15,0.065522,0.075211,0.035479,0.11069,5,0.881209,0.152795,8862,3.11.15,"{""tinyaudit"": ""0.1.0"", ""numpy"": ""1.26.4"", ""pandas"": ""3.0.3"", ""scikit-learn"": ""1.9.0""}"
adult,mlp,race,0.0,1,equal_mass,10,0.062239,0.076502,0.031449,0.107951,5,0.881209,0.152795,8862,3.11.15,"{""tinyaudit"": ""0.1.0"", ""numpy"": ""1.26.4"", ""pandas"": ""3.0.3"", ""scikit-learn"": ""1.9.0""}"
adult,mlp,race,0.0,1,equal_mass,15,0.061504,0.074653,0.033297,0.107951,5,0.881209,0.152795,8862,3.11.15,"{""tinyaudit"": ""0.1.0"", ""numpy"": ""1.26.4"", ""pandas"": ""3.0.3"", ""scikit-learn"": ""1.9.0""}"
adult,mlp,race,0.0,2,equal_width,10,0.05222,0.09084,0.010318,0.101158,5,0.855691,0.159905,9705,3.11.15,"{""tinyaudit"": ""0.1.0"", ""numpy"": ""1.26.4"", ""pandas"": ""3.0.3"", ""scikit-learn"": ""1.9.0""}"
adult,mlp,race,0.0,2,equal_width,15,0.058552,0.08443,0.019128,0.103558,5,0.855691,0.159905,9705,3.11.15,"{""tinyaudit"": ""0.1.0"", ""numpy"": ""1.26.4"", ""pandas"": ""3.0.3"", ""scikit-learn"": ""1.9.0""}"
adult,mlp,race,0.0,2,equal_mass,10,0.05576,0.087484,0.013674,0.101158,5,0.855691,0.159905,9705,3.11.15,"{""tinyaudit"": ""0.1.0"", ""numpy"": ""1.26.4"", ""pandas"": ""3.0.3"", ""scikit-learn"": ""1.9.0""}"
adult,mlp,race,0.0,2,equal_mass,15,0.057729,0.090444,0.0122,0.102644,5,0.855691,0.159905,9705,3.11.15,"{""tinyaudit"": ""0.1.0"", ""numpy"": ""1.26.4"", ""pandas"": ""3.0.3"", ""scikit-learn"": ""1.9.0""}"
adult,mlp,race,0.0,3,equal_width,10,0.062101,0.109412,0.016298,0.12571,5,0.871242,0.157325,9057,3.11.15,"{""tinyaudit"": ""0.1.0"", ""numpy"": ""1.26.4"", ""pandas"": ""3.0.3"", ""scikit-learn"": ""1.9.0""}"
adult,mlp,race,0.0,3,equal_width,15,0.073393,0.106359,0.01935,0.12571,5,0.871242,0.157325,9057,3.11.15,"{""tinyaudit"": ""0.1.0"", ""numpy"": ""1.26.4"", ""pandas"": ""3.0.3"", ""scikit-learn"": ""1.9.0""}"
adult,mlp,race,0.0,3,equal_mass,10,0.058024,0.098015,0.016726,0.114741,5,0.871242,0.157325,9057,3.11.15,"{""tinyaudit"": ""0.1.0"", ""numpy"": ""1.26.4"", ""pandas"": ""3.0.3"", ""scikit-learn"": ""1.9.0""}"
adult,mlp,race,0.0,3,equal_mass,15,0.065936,0.112701,0.017023,0.129723,5,0.871242,0.157325,9057,3.11.15,"{""tinyaudit"": ""0.1.0"", ""numpy"": ""1.26.4"", ""pandas"": ""3.0.3"", ""scikit-learn"": ""1.9.0""}"
adult,mlp,race,0.0,4,equal_width,10,0.047181,0.061615,0.021084,0.0827,5,0.85342,0.163823,9978,3.11.15,"{""tinyaudit"": ""0.1.0"", ""numpy"": ""1.26.4"", ""pandas"": ""3.0.3"", ""scikit-learn"": ""1.9.0""}"
adult,mlp,race,0.0,4,equal_width,15,0.045328,0.056845,0.021539,0.078384,5,0.85342,0.163823,9978,3.11.15,"{""tinyaudit"": ""0.1.0"", ""numpy"": ""1.26.4"", ""pandas"": ""3.0.3"", ""scikit-learn"": ""1.9.0""}"
adult,mlp,race,0.0,4,equal_mass,10,0.043843,0.056805,0.020377,0.077182,5,0.85342,0.163823,9978,3.11.15,"{""tinyaudit"": ""0.1.0"", ""numpy"": ""1.26.4"", ""pandas"": ""3.0.3"", ""scikit-learn"": ""1.9.0""}"
adult,mlp,race,0.0,4,equal_mass,15,0.049824,0.066837,0.019496,0.086332,5,0.85342,0.163823,9978,3.11.15,"{""tinyaudit"": ""0.1.0"", ""numpy"": ""1.26.4"", ""pandas"": ""3.0.3"", ""scikit-learn"": ""1.9.0""}"
adult,mlp,race,0.3,0,equal_width,10,0.093905,0.105792,0.047246,0.153037,5,0.860869,0.152927,10594,3.11.15,"{""tinyaudit"": ""0.1.0"", ""numpy"": ""1.26.4"", ""pandas"": ""3.0.3"", ""scikit-learn"": ""1.9.0""}"
adult,mlp,race,0.3,0,equal_width,15,0.101694,0.101956,0.054866,0.156822,5,0.860869,0.152927,10594,3.11.15,"{""tinyaudit"": ""0.1.0"", ""numpy"": ""1.26.4"", ""pandas"": ""3.0.3"", ""scikit-learn"": ""1.9.0""}"
adult,mlp,race,0.3,0,equal_mass,10,0.093483,0.100246,0.053812,0.154058,5,0.860869,0.152927,10594,3.11.15,"{""tinyaudit"": ""0.1.0"", ""numpy"": ""1.26.4"", ""pandas"": ""3.0.3"", ""scikit-learn"": ""1.9.0""}"
adult,mlp,race,0.3,0,equal_mass,15,0.102657,0.099784,0.053809,0.153593,5,0.860869,0.152927,10594,3.11.15,"{""tinyaudit"": ""0.1.0"", ""numpy"": ""1.26.4"", ""pandas"": ""3.0.3"", ""scikit-learn"": ""1.9.0""}"
adult,mlp,race,0.3,1,equal_width,10,0.216368,0.12194,0.161437,0.283377,5,0.851629,0.149294,11061,3.11.15,"{""tinyaudit"": ""0.1.0"", ""numpy"": ""1.26.4"", ""pandas"": ""3.0.3"", ""scikit-learn"": ""1.9.0""}"
adult,mlp,race,0.3,1,equal_width,15,0.219695,0.11285,0.170527,0.283377,5,0.851629,0.149294,11061,3.11.15,"{""tinyaudit"": ""0.1.0"", ""numpy"": ""1.26.4"", ""pandas"": ""3.0.3"", ""scikit-learn"": ""1.9.0""}"
adult,mlp,race,0.3,1,equal_mass,10,0.216017,0.123695,0.159682,0.283377,5,0.851629,0.149294,11061,3.11.15,"{""tinyaudit"": ""0.1.0"", ""numpy"": ""1.26.4"", ""pandas"": ""3.0.3"", ""scikit-learn"": ""1.9.0""}"
adult,mlp,race,0.3,1,equal_mass,15,0.223082,0.105107,0.178224,0.28333,5,0.851629,0.149294,11061,3.11.15,"{""tinyaudit"": ""0.1.0"", ""numpy"": ""1.26.4"", ""pandas"": ""3.0.3"", ""scikit-learn"": ""1.9.0""}"
adult,mlp,race,0.3,2,equal_width,10,0.4129,0.168421,0.329432,0.497853,5,0.88481,0.140195,10860,3.11.15,"{""tinyaudit"": ""0.1.0"", ""numpy"": ""1.26.4"", ""pandas"": ""3.0.3"", ""scikit-learn"": ""1.9.0""}"
adult,mlp,race,0.3,2,equal_width,15,0.413974,0.169261,0.329432,0.498693,5,0.88481,0.140195,10860,3.11.15,"{""tinyaudit"": ""0.1.0"", ""numpy"": ""1.26.4"", ""pandas"": ""3.0.3"", ""scikit-learn"": ""1.9.0""}"
adult,mlp,race,0.3,2,equal_mass,10,0.410167,0.158699,0.329432,0.48813,5,0.88481,0.140195,10860,3.11.15,"{""tinyaudit"": ""0.1.0"", ""numpy"": ""1.26.4"", ""pandas"": ""3.0.3"", ""scikit-learn"": ""1.9.0""}"
adult,mlp,race,0.3,2,equal_mass,15,0.412111,0.168421,0.329432,0.497853,5,0.88481,0.140195,10860,3.11.15,"{""tinyaudit"": ""0.1.0"", ""numpy"": ""1.26.4"", ""pandas"": ""3.0.3"", ""scikit-learn"": ""1.9.0""}"
adult,mlp,race,0.3,3,equal_width,10,0.1212,0.117585,0.056251,0.173836,5,0.839073,0.158763,10609,3.11.15,"{""tinyaudit"": ""0.1.0"", ""numpy"": ""1.26.4"", ""pandas"": ""3.0.3"", ""scikit-learn"": ""1.9.0""}"
adult,mlp,race,0.3,3,equal_width,15,0.124225,0.11475,0.059086,0.173836,5,0.839073,0.158763,10609,3.11.15,"{""tinyaudit"": ""0.1.0"", ""numpy"": ""1.26.4"", ""pandas"": ""3.0.3"", ""scikit-learn"": ""1.9.0""}"
adult,mlp,race,0.3,3,equal_mass,10,0.123079,0.106077,0.067759,0.173836,5,0.839073,0.158763,10609,3.11.15,"{""tinyaudit"": ""0.1.0"", ""numpy"": ""1.26.4"", ""pandas"": ""3.0.3"", ""scikit-learn"": ""1.9.0""}"
adult,mlp,race,0.3,3,equal_mass,15,0.131152,0.096783,0.077053,0.173836,5,0.839073,0.158763,10609,3.11.15,"{""tinyaudit"": ""0.1.0"", ""numpy"": ""1.26.4"", ""pandas"": ""3.0.3"", ""scikit-learn"": ""1.9.0""}"
adult,mlp,race,0.3,4,equal_width,10,0.068178,0.101961,0.03231,0.134271,5,0.884302,0.144185,9414,3.11.15,"{""tinyaudit"": ""0.1.0"", ""numpy"": ""1.26.4"", ""pandas"": ""3.0.3"", ""scikit-learn"": ""1.9.0""}"
adult,mlp,race,0.3,4,equal_width,15,0.075314,0.097097,0.037173,0.134271,5,0.884302,0.144185,9414,3.11.15,"{""tinyaudit"": ""0.1.0"", ""numpy"": ""1.26.4"", ""pandas"": ""3.0.3"", ""scikit-learn"": ""1.9.0""}"
adult,mlp,race,0.3,4,equal_mass,10,0.069459,0.101016,0.03326,0.134276,5,0.884302,0.144185,9414,3.11.15,"{""tinyaudit"": ""0.1.0"", ""numpy"": ""1.26.4"", ""pandas"": ""3.0.3"", ""scikit-learn"": ""1.9.0""}"
adult,mlp,race,0.3,4,equal_mass,15,0.070449,0.103251,0.032948,0.136199,5,0.884302,0.144185,9414,3.11.15,"{""tinyaudit"": ""0.1.0"", ""numpy"": ""1.26.4"", ""pandas"": ""3.0.3"", ""scikit-learn"": ""1.9.0""}"
adult,mlp,race,0.5,0,equal_width,10,0.188728,0.077522,0.159105,0.236627,5,0.816501,0.157622,11450,3.11.15,"{""tinyaudit"": ""0.1.0"", ""numpy"": ""1.26.4"", ""pandas"": ""3.0.3"", ""scikit-learn"": ""1.9.0""}"
adult,mlp,race,0.5,0,equal_width,15,0.199109,0.081996,0.176627,0.258623,5,0.816501,0.157622,11450,3.11.15,"{""tinyaudit"": ""0.1.0"", ""numpy"": ""1.26.4"", ""pandas"": ""3.0.3"", ""scikit-learn"": ""1.9.0""}"
adult,mlp,race,0.5,0,equal_mass,10,0.193731,0.06,0.176627,0.236627,5,0.816501,0.157622,11450,3.11.15,"{""tinyaudit"": ""0.1.0"", ""numpy"": ""1.26.4"", ""pandas"": ""3.0.3"", ""scikit-learn"": ""1.9.0""}"
adult,mlp,race,0.5,0,equal_mass,15,0.194792,0.06,0.176627,0.236627,5,0.816501,0.157622,11450,3.11.15,"{""tinyaudit"": ""0.1.0"", ""numpy"": ""1.26.4"", ""pandas"": ""3.0.3"", ""scikit-learn"": ""1.9.0""}"
adult,mlp,race,0.5,1,equal_width,10,0.133512,0.189718,0.072061,0.261778,5,0.819885,0.160011,11342,3.11.15,"{""tinyaudit"": ""0.1.0"", ""numpy"": ""1.26.4"", ""pandas"": ""3.0.3"", ""scikit-learn"": ""1.9.0""}"
adult,mlp,race,0.5,1,equal_width,15,0.137721,0.177703,0.084076,0.261778,5,0.819885,0.160011,11342,3.11.15,"{""tinyaudit"": ""0.1.0"", ""numpy"": ""1.26.4"", ""pandas"": ""3.0.3"", ""scikit-learn"": ""1.9.0""}"
adult,mlp,race,0.5,1,equal_mass,10,0.13695,0.171565,0.090214,0.261778,5,0.819885,0.160011,11342,3.11.15,"{""tinyaudit"": ""0.1.0"", ""numpy"": ""1.26.4"", ""pandas"": ""3.0.3"", ""scikit-learn"": ""1.9.0""}"
adult,mlp,race,0.5,1,equal_mass,15,0.142199,0.168184,0.093595,0.261778,5,0.819885,0.160011,11342,3.11.15,"{""tinyaudit"": ""0.1.0"", ""numpy"": ""1.26.4"", ""pandas"": ""3.0.3"", ""scikit-learn"": ""1.9.0""}"
adult,mlp,race,0.5,2,equal_width,10,0.443675,0.159427,0.403608,0.563035,5,0.854344,0.147753,11174,3.11.15,"{""tinyaudit"": ""0.1.0"", ""numpy"": ""1.26.4"", ""pandas"": ""3.0.3"", ""scikit-learn"": ""1.9.0""}"
adult,mlp,race,0.5,2,equal_width,15,0.443798,0.160045,0.403608,0.563653,5,0.854344,0.147753,11174,3.11.15,"{""tinyaudit"": ""0.1.0"", ""numpy"": ""1.26.4"", ""pandas"": ""3.0.3"", ""scikit-learn"": ""1.9.0""}"
adult,mlp,race,0.5,2,equal_mass,10,0.444528,0.162359,0.403608,0.565967,5,0.854344,0.147753,11174,3.11.15,"{""tinyaudit"": ""0.1.0"", ""numpy"": ""1.26.4"", ""pandas"": ""3.0.3"", ""scikit-learn"": ""1.9.0""}"
adult,mlp,race,0.5,2,equal_mass,15,0.441736,0.161378,0.398351,0.55973,5,0.854344,0.147753,11174,3.11.15,"{""tinyaudit"": ""0.1.0"", ""numpy"": ""1.26.4"", ""pandas"": ""3.0.3"", ""scikit-learn"": ""1.9.0""}"
adult,mlp,race,0.5,3,equal_width,10,0.205855,0.074624,0.16437,0.238993,5,0.847914,0.153066,11039,3.11.15,"{""tinyaudit"": ""0.1.0"", ""numpy"": ""1.26.4"", ""pandas"": ""3.0.3"", ""scikit-learn"": ""1.9.0""}"
adult,mlp,race,0.5,3,equal_width,15,0.208117,0.069067,0.169926,0.238993,5,0.847914,0.153066,11039,3.11.15,"{""tinyaudit"": ""0.1.0"", ""numpy"": ""1.26.4"", ""pandas"": ""3.0.3"", ""scikit-learn"": ""1.9.0""}"
adult,mlp,race,0.5,3,equal_mass,10,0.204043,0.073414,0.163213,0.236627,5,0.847914,0.153066,11039,3.11.15,"{""tinyaudit"": ""0.1.0"", ""numpy"": ""1.26.4"", ""pandas"": ""3.0.3"", ""scikit-learn"": ""1.9.0""}"
adult,mlp,race,0.5,3,equal_mass,15,0.206236,0.062624,0.171886,0.234509,5,0.847914,0.153066,11039,3.11.15,"{""tinyaudit"": ""0.1.0"", ""numpy"": ""1.26.4"", ""pandas"": ""3.0.3"", ""scikit-learn"": ""1.9.0""}"
adult,mlp,race,0.5,4,equal_width,10,0.115192,0.133089,0.060995,0.194084,5,0.918933,0.132458,7679,3.11.15,"{""tinyaudit"": ""0.1.0"", ""numpy"": ""1.26.4"", ""pandas"": ""3.0.3"", ""scikit-learn"": ""1.9.0""}"
adult,mlp,race,0.5,4,equal_width,15,0.123284,0.137323,0.061586,0.198909,5,0.918933,0.132458,7679,3.11.15,"{""tinyaudit"": ""0.1.0"", ""numpy"": ""1.26.4"", ""pandas"": ""3.0.3"", ""scikit-learn"": ""1.9.0""}"
adult,mlp,race,0.5,4,equal_mass,10,0.113212,0.130846,0.059193,0.190038,5,0.918933,0.132458,7679,3.11.15,"{""tinyaudit"": ""0.1.0"", ""numpy"": ""1.26.4"", ""pandas"": ""3.0.3"", ""scikit-learn"": ""1.9.0""}"
adult,mlp,race,0.5,4,equal_mass,15,0.114,0.130845,0.059193,0.190038,5,0.918933,0.132458,7679,3.11.15,"{""tinyaudit"": ""0.1.0"", ""numpy"": ""1.26.4"", ""pandas"": ""3.0.3"", ""scikit-learn"": ""1.9.0""}"
adult,mlp,race,0.7,0,equal_width,10,0.270107,0.13389,0.195303,0.329194,5,0.767756,0.159709,11585,3.11.15,"{""tinyaudit"": ""0.1.0"", ""numpy"": ""1.26.4"", ""pandas"": ""3.0.3"", ""scikit-learn"": ""1.9.0""}"
adult,mlp,race,0.7,0,equal_width,15,0.271043,0.133245,0.195949,0.329194,5,0.767756,0.159709,11585,3.11.15,"{""tinyaudit"": ""0.1.0"", ""numpy"": ""1.26.4"", ""pandas"": ""3.0.3"", ""scikit-learn"": ""1.9.0""}"
adult,mlp,race,0.7,0,equal_mass,10,0.270107,0.13389,0.195303,0.329194,5,0.767756,0.159709,11585,3.11.15,"{""tinyaudit"": ""0.1.0"", ""numpy"": ""1.26.4"", ""pandas"": ""3.0.3"", ""scikit-learn"": ""1.9.0""}"
adult,mlp,race,0.7,0,equal_mass,15,0.274628,0.132886,0.196308,0.329194,5,0.767756,0.159709,11585,3.11.15,"{""tinyaudit"": ""0.1.0"", ""numpy"": ""1.26.4"", ""pandas"": ""3.0.3"", ""scikit-learn"": ""1.9.0""}"
adult,mlp,race,0.7,1,equal_width,10,0.254417,0.198245,0.133052,0.331297,5,0.743085,0.151714,9951,3.11.15,"{""tinyaudit"": ""0.1.0"", ""numpy"": ""1.26.4"", ""pandas"": ""3.0.3"", ""scikit-learn"": ""1.9.0""}"
adult,mlp,race,0.7,1,equal_width,15,0.255316,0.198245,0.133052,0.331297,5,0.743085,0.151714,9951,3.11.15,"{""tinyaudit"": ""0.1.0"", ""numpy"": ""1.26.4"", ""pandas"": ""3.0.3"", ""scikit-learn"": ""1.9.0""}"
adult,mlp,race,0.7,1,equal_mass,10,0.258292,0.181493,0.151114,0.332607,5,0.743085,0.151714,9951,3.11.15,"{""tinyaudit"": ""0.1.0"", ""numpy"": ""1.26.4"", ""pandas"": ""3.0.3"", ""scikit-learn"": ""1.9.0""}"
adult,mlp,race,0.7,1,equal_mass,15,0.256883,0.18651,0.145082,0.331593,5,0.743085,0.151714,9951,3.11.15,"{""tinyaudit"": ""0.1.0"", ""numpy"": ""1.26.4"", ""pandas"": ""3.0.3"", ""scikit-learn"": ""1.9.0""}"
adult,mlp,race,0.7,2,equal_width,10,0.276029,0.156268,0.20848,0.364748,5,0.737285,0.144518,9849,3.11.15,"{""tinyaudit"": ""0.1.0"", ""numpy"": ""1.26.4"", ""pandas"": ""3.0.3"", ""scikit-learn"": ""1.9.0""}"
adult,mlp,race,0.7,2,equal_width,15,0.279434,0.153138,0.213727,0.366865,5,0.737285,0.144518,9849,3.11.15,"{""tinyaudit"": ""0.1.0"", ""numpy"": ""1.26.4"", ""pandas"": ""3.0.3"", ""scikit-learn"": ""1.9.0""}"
adult,mlp,race,0.7,2,equal_mass,10,0.278983,0.156268,0.20848,0.364748,5,0.737285,0.144518,9849,3.11.15,"{""tinyaudit"": ""0.1.0"", ""numpy"": ""1.26.4"", ""pandas"": ""3.0.3"", ""scikit-learn"": ""1.9.0""}"
adult,mlp,race,0.7,2,equal_mass,15,0.277602,0.156268,0.20848,0.364748,5,0.737285,0.144518,9849,3.11.15,"{""tinyaudit"": ""0.1.0"", ""numpy"": ""1.26.4"", ""pandas"": ""3.0.3"", ""scikit-learn"": ""1.9.0""}"
adult,mlp,race,0.7,3,equal_width,10,0.080828,0.080856,0.043983,0.124839,5,0.83702,0.171815,9376,3.11.15,"{""tinyaudit"": ""0.1.0"", ""numpy"": ""1.26.4"", ""pandas"": ""3.0.3"", ""scikit-learn"": ""1.9.0""}"
adult,mlp,race,0.7,3,equal_width,15,0.089693,0.085094,0.042962,0.128057,5,0.83702,0.171815,9376,3.11.15,"{""tinyaudit"": ""0.1.0"", ""numpy"": ""1.26.4"", ""pandas"": ""3.0.3"", ""scikit-learn"": ""1.9.0""}"
adult,mlp,race,0.7,3,equal_mass,10,0.078355,0.079612,0.045227,0.124839,5,0.83702,0.171815,9376,3.11.15,"{""tinyaudit"": ""0.1.0"", ""numpy"": ""1.26.4"", ""pandas"": ""3.0.3"", ""scikit-learn"": ""1.9.0""}"
adult,mlp,race,0.7,3,equal_mass,15,0.092086,0.081206,0.043643,0.124849,5,0.83702,0.171815,9376,3.11.15,"{""tinyaudit"": ""0.1.0"", ""numpy"": ""1.26.4"", ""pandas"": ""3.0.3"", ""scikit-learn"": ""1.9.0""}"
adult,mlp,race,0.7,4,equal_width,10,0.164355,0.103861,0.107899,0.21176,5,0.800928,0.174602,10689,3.11.15,"{""tinyaudit"": ""0.1.0"", ""numpy"": ""1.26.4"", ""pandas"": ""3.0.3"", ""scikit-learn"": ""1.9.0""}"
adult,mlp,race,0.7,4,equal_width,15,0.165488,0.108193,0.107899,0.216092,5,0.800928,0.174602,10689,3.11.15,"{""tinyaudit"": ""0.1.0"", ""numpy"": ""1.26.4"", ""pandas"": ""3.0.3"", ""scikit-learn"": ""1.9.0""}"
adult,mlp,race,0.7,4,equal_mass,10,0.16366,0.111974,0.099786,0.21176,5,0.800928,0.174602,10689,3.11.15,"{""tinyaudit"": ""0.1.0"", ""numpy"": ""1.26.4"", ""pandas"": ""3.0.3"", ""scikit-learn"": ""1.9.0""}"
adult,mlp,race,0.7,4,equal_mass,15,0.172568,0.129192,0.102901,0.232093,5,0.800928,0.174602,10689,3.11.15,"{""tinyaudit"": ""0.1.0"", ""numpy"": ""1.26.4"", ""pandas"": ""3.0.3"", ""scikit-learn"": ""1.9.0""}"
adult,mlp,race,0.9,0,equal_width,10,0.36176,0.159466,0.271536,0.431002,5,0.528689,0.075382,2162,3.11.15,"{""tinyaudit"": ""0.1.0"", ""numpy"": ""1.26.4"", ""pandas"": ""3.0.3"", ""scikit-learn"": ""1.9.0""}"
adult,mlp,race,0.9,0,equal_width,15,0.365123,0.163238,0.271536,0.434774,5,0.528689,0.075382,2162,3.11.15,"{""tinyaudit"": ""0.1.0"", ""numpy"": ""1.26.4"", ""pandas"": ""3.0.3"", ""scikit-learn"": ""1.9.0""}"
adult,mlp,race,0.9,0,equal_mass,10,0.361602,0.159466,0.271536,0.431002,5,0.528689,0.075382,2162,3.11.15,"{""tinyaudit"": ""0.1.0"", ""numpy"": ""1.26.4"", ""pandas"": ""3.0.3"", ""scikit-learn"": ""1.9.0""}"
adult,mlp,race,0.9,0,equal_mass,15,0.361602,0.159466,0.271536,0.431002,5,0.528689,0.075382,2162,3.11.15,"{""tinyaudit"": ""0.1.0"", ""numpy"": ""1.26.4"", ""pandas"": ""3.0.3"", ""scikit-learn"": ""1.9.0""}"
adult,mlp,race,0.9,1,equal_width,10,0.382356,0.142055,0.315406,0.457461,5,0.666743,0.092903,3011,3.11.15,"{""tinyaudit"": ""0.1.0"", ""numpy"": ""1.26.4"", ""pandas"": ""3.0.3"", ""scikit-learn"": ""1.9.0""}"
adult,mlp,race,0.9,1,equal_width,15,0.38231,0.140213,0.317249,0.457461,5,0.666743,0.092903,3011,3.11.15,"{""tinyaudit"": ""0.1.0"", ""numpy"": ""1.26.4"", ""pandas"": ""3.0.3"", ""scikit-learn"": ""1.9.0""}"
adult,mlp,race,0.9,1,equal_mass,10,0.368668,0.136844,0.311605,0.448449,5,0.666743,0.092903,3011,3.11.15,"{""tinyaudit"": ""0.1.0"", ""numpy"": ""1.26.4"", ""pandas"": ""3.0.3"", ""scikit-learn"": ""1.9.0""}"
adult,mlp,race,0.9,1,equal_mass,15,0.372628,0.1231,0.311605,0.434705,5,0.666743,0.092903,3011,3.11.15,"{""tinyaudit"": ""0.1.0"", ""numpy"": ""1.26.4"", ""pandas"": ""3.0.3"", ""scikit-learn"": ""1.9.0""}"
adult,mlp,race,0.9,2,equal_width,10,0.442025,0.182732,0.35742,0.540152,5,0.611987,0.013195,81,3.11.15,"{""tinyaudit"": ""0.1.0"", ""numpy"": ""1.26.4"", ""pandas"": ""3.0.3"", ""scikit-learn"": ""1.9.0""}"
adult,mlp,race,0.9,2,equal_width,15,0.442025,0.182732,0.35742,0.540152,5,0.611987,0.013195,81,3.11.15,"{""tinyaudit"": ""0.1.0"", ""numpy"": ""1.26.4"", ""pandas"": ""3.0.3"", ""scikit-learn"": ""1.9.0""}"
adult,mlp,race,0.9,2,equal_mass,10,0.442025,0.182732,0.35742,0.540152,5,0.611987,0.013195,81,3.11.15,"{""tinyaudit"": ""0.1.0"", ""numpy"": ""1.26.4"", ""pandas"": ""3.0.3"", ""scikit-learn"": ""1.9.0""}"
adult,mlp,race,0.9,2,equal_mass,15,0.442025,0.182732,0.35742,0.540152,5,0.611987,0.013195,81,3.11.15,"{""tinyaudit"": ""0.1.0"", ""numpy"": ""1.26.4"", ""pandas"": ""3.0.3"", ""scikit-learn"": ""1.9.0""}"
adult,mlp,race,0.9,3,equal_width,10,0.216736,0.130878,0.14248,0.273358,5,0.609111,0.078762,4076,3.11.15,"{""tinyaudit"": ""0.1.0"", ""numpy"": ""1.26.4"", ""pandas"": ""3.0.3"", ""scikit-learn"": ""1.9.0""}"
adult,mlp,race,0.9,3,equal_width,15,0.217829,0.130703,0.14248,0.273183,5,0.609111,0.078762,4076,3.11.15,"{""tinyaudit"": ""0.1.0"", ""numpy"": ""1.26.4"", ""pandas"": ""3.0.3"", ""scikit-learn"": ""1.9.0""}"
adult,mlp,race,0.9,3,equal_mass,10,0.214384,0.135413,0.13777,0.273183,5,0.609111,0.078762,4076,3.11.15,"{""tinyaudit"": ""0.1.0"", ""numpy"": ""1.26.4"", ""pandas"": ""3.0.3"", ""scikit-learn"": ""1.9.0""}"
adult,mlp,race,0.9,3,equal_mass,15,0.216294,0.132962,0.14022,0.273183,5,0.609111,0.078762,4076,3.11.15,"{""tinyaudit"": ""0.1.0"", ""numpy"": ""1.26.4"", ""pandas"": ""3.0.3"", ""scikit-learn"": ""1.9.0""}"
adult,mlp,race,0.9,4,equal_width,10,0.235559,0.106479,0.182898,0.289377,5,0.624267,0.128621,4429,3.11.15,"{""tinyaudit"": ""0.1.0"", ""numpy"": ""1.26.4"", ""pandas"": ""3.0.3"", ""scikit-learn"": ""1.9.0""}"
adult,mlp,race,0.9,4,equal_width,15,0.238921,0.101245,0.190001,0.291246,5,0.624267,0.128621,4429,3.11.15,"{""tinyaudit"": ""0.1.0"", ""numpy"": ""1.26.4"", ""pandas"": ""3.0.3"", ""scikit-learn"": ""1.9.0""}"
adult,mlp,race,0.9,4,equal_mass,10,0.236361,0.089954,0.191646,0.2816,5,0.624267,0.128621,4429,3.11.15,"{""tinyaudit"": ""0.1.0"", ""numpy"": ""1.26.4"", ""pandas"": ""3.0.3"", ""scikit-learn"": ""1.9.0""}"
adult,mlp,race,0.9,4,equal_mass,15,0.246358,0.113278,0.195234,0.308512,5,0.624267,0.128621,4429,3.11.15,"{""tinyaudit"": ""0.1.0"", ""numpy"": ""1.26.4"", ""pandas"": ""3.0.3"", ""scikit-learn"": ""1.9.0""}"
compas,logreg,race,0.0,0,equal_width,10,0.127695,0.36742,0.025531,0.392951,6,0.656565,0.119306,566,3.11.15,"{""tinyaudit"": ""0.1.0"", ""numpy"": ""1.26.4"", ""pandas"": ""3.0.3"", ""scikit-learn"": ""1.9.0""}"
compas,logreg,race,0.0,0,equal_width,15,0.161934,0.339791,0.05316,0.392951,6,0.656565,0.119306,566,3.11.15,"{""tinyaudit"": ""0.1.0"", ""numpy"": ""1.26.4"", ""pandas"": ""3.0.3"", ""scikit-learn"": ""1.9.0""}"
compas,logreg,race,0.0,0,equal_mass,10,0.194354,0.389744,0.070676,0.46042,6,0.656565,0.119306,566,3.11.15,"{""tinyaudit"": ""0.1.0"", ""numpy"": ""1.26.4"", ""pandas"": ""3.0.3"", ""scikit-learn"": ""1.9.0""}"
compas,logreg,race,0.0,0,equal_mass,15,0.20646,0.390909,0.069511,0.46042,6,0.656565,0.119306,566,3.11.15,"{""tinyaudit"": ""0.1.0"", ""numpy"": ""1.26.4"", ""pandas"": ""3.0.3"", ""scikit-learn"": ""1.9.0""}"
compas,logreg,race,0.0,1,equal_width,10,0.088494,0.174347,0.023188,0.197535,6,0.653797,0.118276,570,3.11.15,"{""tinyaudit"": ""0.1.0"", ""numpy"": ""1.26.4"", ""pandas"": ""3.0.3"", ""scikit-learn"": ""1.9.0""}"
compas,logreg,race,0.0,1,equal_width,15,0.103179,0.238575,0.023188,0.261763,6,0.653797,0.118276,570,3.11.15,"{""tinyaudit"": ""0.1.0"", ""numpy"": ""1.26.4"", ""pandas"": ""3.0.3"", ""scikit-learn"": ""1.9.0""}"
compas,logreg,race,0.0,1,equal_mass,10,0.195074,0.448927,0.050491,0.499417,6,0.653797,0.118276,570,3.11.15,"{""tinyaudit"": ""0.1.0"", ""numpy"": ""1.26.4"", ""pandas"": ""3.0.3"", ""scikit-learn"": ""1.9.0""}"
compas,logreg,race,0.0,1,equal_mass,15,0.208643,0.435934,0.063483,0.499417,6,0.653797,0.118276,570,3.11.15,"{""tinyaudit"": ""0.1.0"", ""numpy"": ""1.26.4"", ""pandas"": ""3.0.3"", ""scikit-learn"": ""1.9.0""}"
compas,logreg,race,0.0,2,equal_width,10,0.136282,0.324255,0.013322,0.337578,6,0.656904,0.116444,560,3.11.15,"{""tinyaudit"": ""0.1.0"", ""numpy"": ""1.26.4"", ""pandas"": ""3.0.3"", ""scikit-learn"": ""1.9.0""}"
compas,logreg,race,0.0,2,equal_width,15,0.149167,0.302032,0.035545,0.337578,6,0.656904,0.116444,560,3.11.15,"{""tinyaudit"": ""0.1.0"", ""numpy"": ""1.26.4"", ""pandas"": ""3.0.3"", ""scikit-learn"": ""1.9.0""}"
compas,logreg,race,0.0,2,equal_mass,10,0.164077,0.303051,0.040548,0.343599,6,0.656904,0.116444,560,3.11.15,"{""tinyaudit"": ""0.1.0"", ""numpy"": ""1.26.4"", ""pandas"": ""3.0.3"", ""scikit-learn"": ""1.9.0""}"
compas,logreg,race,0.0,2,equal_mass,15,0.17685,0.290634,0.052965,0.343599,6,0.656904,0.116444,560,3.11.15,"{""tinyaudit"": ""0.1.0"", ""numpy"": ""1.26.4"", ""pandas"": ""3.0.3"", ""scikit-learn"": ""1.9.0""}"
compas,logreg,race,0.0,3,equal_width,10,0.153562,0.350107,0.021042,0.371149,6,0.656807,0.116118,578,3.11.15,"{""tinyaudit"": ""0.1.0"", ""numpy"": ""1.26.4"", ""pandas"": ""3.0.3"", ""scikit-learn"": ""1.9.0""}"
compas,logreg,race,0.0,3,equal_width,15,0.174731,0.32154,0.049609,0.371149,6,0.656807,0.116118,578,3.11.15,"{""tinyaudit"": ""0.1.0"", ""numpy"": ""1.26.4"", ""pandas"": ""3.0.3"", ""scikit-learn"": ""1.9.0""}"
compas,logreg,race,0.0,3,equal_mass,10,0.193773,0.319627,0.051522,0.371149,6,0.656807,0.116118,578,3.11.15,"{""tinyaudit"": ""0.1.0"", ""numpy"": ""1.26.4"", ""pandas"": ""3.0.3"", ""scikit-learn"": ""1.9.0""}"
compas,logreg,race,0.0,3,equal_mass,15,0.206798,0.299865,0.071284,0.371149,6,0.656807,0.116118,578,3.11.15,"{""tinyaudit"": ""0.1.0"", ""numpy"": ""1.26.4"", ""pandas"": ""3.0.3"", ""scikit-learn"": ""1.9.0""}"
compas,logreg,race,0.0,4,equal_width,10,0.158591,0.333022,0.03082,0.363841,6,0.64924,0.111167,578,3.11.15,"{""tinyaudit"": ""0.1.0"", ""numpy"": ""1.26.4"", ""pandas"": ""3.0.3"", ""scikit-learn"": ""1.9.0""}"
compas,logreg,race,0.0,4,equal_width,15,0.158402,0.321152,0.04269,0.363841,6,0.64924,0.111167,578,3.11.15,"{""tinyaudit"": ""0.1.0"", ""numpy"": ""1.26.4"", ""pandas"": ""3.0.3"", ""scikit-learn"": ""1.9.0""}"
compas,logreg,race,0.0,4,equal_mass,10,0.174971,0.316133,0.047709,0.363841,6,0.64924,0.111167,578,3.11.15,"{""tinyaudit"": ""0.1.0"", ""numpy"": ""1.26.4"", ""pandas"": ""3.0.3"", ""scikit-learn"": ""1.9.0""}"
compas,logreg,race,0.0,4,equal_mass,15,0.189879,0.305197,0.058644,0.363841,6,0.64924,0.111167,578,3.11.15,"{""tinyaudit"": ""0.1.0"", ""numpy"": ""1.26.4"", ""pandas"": ""3.0.3"", ""scikit-learn"": ""1.9.0""}"
compas,logreg,race,0.3,0,equal_width,10,0.126109,0.364347,0.028574,0.392921,6,0.656486,0.118889,512,3.11.15,"{""tinyaudit"": ""0.1.0"", ""numpy"": ""1.26.4"", ""pandas"": ""3.0.3"", ""scikit-learn"": ""1.9.0""}"
compas,logreg,race,0.3,0,equal_width,15,0.159657,0.344991,0.04793,0.392921,6,0.656486,0.118889,512,3.11.15,"{""tinyaudit"": ""0.1.0"", ""numpy"": ""1.26.4"", ""pandas"": ""3.0.3"", ""scikit-learn"": ""1.9.0""}"
compas,logreg,race,0.3,0,equal_mass,10,0.196443,0.397304,0.063094,0.460398,6,0.656486,0.118889,512,3.11.15,"{""tinyaudit"": ""0.1.0"", ""numpy"": ""1.26.4"", ""pandas"": ""3.0.3"", ""scikit-learn"": ""1.9.0""}"
compas,logreg,race,0.3,0,equal_mass,15,0.207284,0.394473,0.065925,0.460398,6,0.656486,0.118889,512,3.11.15,"{""tinyaudit"": ""0.1.0"", ""numpy"": ""1.26.4"", ""pandas"": ""3.0.3"", ""scikit-learn"": ""1.9.0""}"
compas,logreg,race,0.3,1,equal_width,10,0.090586,0.172956,0.025084,0.19804,6,0.652231,0.117918,509,3.11.15,"{""tinyaudit"": ""0.1.0"", ""numpy"": ""1.26.4"", ""pandas"": ""3.0.3"", ""scikit-learn"": ""1.9.0""}"
compas,logreg,race,0.3,1,equal_width,15,0.10397,0.237501,0.025084,0.262585,6,0.652231,0.117918,509,3.11.15,"{""tinyaudit"": ""0.1.0"", ""numpy"": ""1.26.4"", ""pandas"": ""3.0.3"", ""scikit-learn"": ""1.9.0""}"
compas,logreg,race,0.3,1,equal_mass,10,0.196391,0.446749,0.052674,0.499423,6,0.652231,0.117918,509,3.11.15,"{""tinyaudit"": ""0.1.0"", ""numpy"": ""1.26.4"", ""pandas"": ""3.0.3"", ""scikit-learn"": ""1.9.0""}"
compas,logreg,race,0.3,1,equal_mass,15,0.209593,0.436137,0.063286,0.499423,6,0.652231,0.117918,509,3.11.15,"{""tinyaudit"": ""0.1.0"", ""numpy"": ""1.26.4"", ""pandas"": ""3.0.3"", ""scikit-learn"": ""1.9.0""}"
compas,logreg,race,0.3,2,equal_width,10,0.136399,0.329297,0.012382,0.341679,6,0.655758,0.11612,502,3.11.15,"{""tinyaudit"": ""0.1.0"", ""numpy"": ""1.26.4"", ""pandas"": ""3.0.3"", ""scikit-learn"": ""1.9.0""}"
compas,logreg,race,0.3,2,equal_width,15,0.149092,0.307971,0.033708,0.341679,6,0.655758,0.11612,502,3.11.15,"{""tinyaudit"": ""0.1.0"", ""numpy"": ""1.26.4"", ""pandas"": ""3.0.3"", ""scikit-learn"": ""1.9.0""}"
compas,logreg,race,0.3,2,equal_mass,10,0.166436,0.29969,0.044417,0.344107,6,0.655758,0.11612,502,3.11.15,"{""tinyaudit"": ""0.1.0"", ""numpy"": ""1.26.4"", ""pandas"": ""3.0.3"", ""scikit-learn"": ""1.9.0""}"
compas,logreg,race,0.3,2,equal_mass,15,0.179641,0.287395,0.056711,0.344107,6,0.655758,0.11612,502,3.11.15,"{""tinyaudit"": ""0.1.0"", ""numpy"": ""1.26.4"", ""pandas"": ""3.0.3"", ""scikit-learn"": ""1.9.0""}"
compas,logreg,race,0.3,3,equal_width,10,0.155601,0.352696,0.023223,0.375918,6,0.657322,0.116314,516,3.11.15,"{""tinyaudit"": ""0.1.0"", ""numpy"": ""1.26.4"", ""pandas"": ""3.0.3"", ""scikit-learn"": ""1.9.0""}"
compas,logreg,race,0.3,3,equal_width,15,0.175068,0.335317,0.040601,0.375918,6,0.657322,0.116314,516,3.11.15,"{""tinyaudit"": ""0.1.0"", ""numpy"": ""1.26.4"", ""pandas"": ""3.0.3"", ""scikit-learn"": ""1.9.0""}"
compas,logreg,race,0.3,3,equal_mass,10,0.197708,0.316984,0.058934,0.375918,6,0.657322,0.116314,516,3.11.15,"{""tinyaudit"": ""0.1.0"", ""numpy"": ""1.26.4"", ""pandas"": ""3.0.3"", ""scikit-learn"": ""1.9.0""}"
compas,logreg,race,0.3,3,equal_mass,15,0.210896,0.30573,0.070188,0.375918,6,0.657322,0.116314,516,3.11.15,"{""tinyaudit"": ""0.1.0"", ""numpy"": ""1.26.4"", ""pandas"": ""3.0.3"", ""scikit-learn"": ""1.9.0""}"
compas,logreg,race,0.3,4,equal_width,10,0.160532,0.338902,0.028157,0.367059,6,0.646252,0.110192,526,3.11.15,"{""tinyaudit"": ""0.1.0"", ""numpy"": ""1.26.4"", ""pandas"": ""3.0.3"", ""scikit-learn"": ""1.9.0""}"
compas,logreg,race,0.3,4,equal_width,15,0.160496,0.336539,0.03052,0.367059,6,0.646252,0.110192,526,3.11.15,"{""tinyaudit"": ""0.1.0"", ""numpy"": ""1.26.4"", ""pandas"": ""3.0.3"", ""scikit-learn"": ""1.9.0""}"
compas,logreg,race,0.3,4,equal_mass,10,0.178302,0.325194,0.041865,0.367059,6,0.646252,0.110192,526,3.11.15,"{""tinyaudit"": ""0.1.0"", ""numpy"": ""1.26.4"", ""pandas"": ""3.0.3"", ""scikit-learn"": ""1.9.0""}"
compas,logreg,race,0.3,4,equal_mass,15,0.186471,0.314682,0.052377,0.367059,6,0.646252,0.110192,526,3.11.15,"{""tinyaudit"": ""0.1.0"", ""numpy"": ""1.26.4"", ""pandas"": ""3.0.3"", ""scikit-learn"": ""1.9.0""}"
compas,logreg,race,0.5,0,equal_width,10,0.129611,0.362562,0.032017,0.39458,6,0.650994,0.118978,448,3.11.15,"{""tinyaudit"": ""0.1.0"", ""numpy"": ""1.26.4"", ""pandas"": ""3.0.3"", ""scikit-learn"": ""1.9.0""}"
compas,logreg,race,0.5,0,equal_width,15,0.14805,0.342522,0.052057,0.39458,6,0.650994,0.118978,448,3.11.15,"{""tinyaudit"": ""0.1.0"", ""numpy"": ""1.26.4"", ""pandas"": ""3.0.3"", ""scikit-learn"": ""1.9.0""}"
compas,logreg,race,0.5,0,equal_mass,10,0.203102,0.394262,0.067243,0.461505,6,0.650994,0.118978,448,3.11.15,"{""tinyaudit"": ""0.1.0"", ""numpy"": ""1.26.4"", ""pandas"": ""3.0.3"", ""scikit-learn"": ""1.9.0""}"
compas,logreg,race,0.5,0,equal_mass,15,0.203925,0.38944,0.072066,0.461505,6,0.650994,0.118978,448,3.11.15,"{""tinyaudit"": ""0.1.0"", ""numpy"": ""1.26.4"", ""pandas"": ""3.0.3"", ""scikit-learn"": ""1.9.0""}"
compas,logreg,race,0.5,1,equal_width,10,0.159657,0.49231,0.03742,0.52973,6,0.646819,0.117899,437,3.11.15,"{""tinyaudit"": ""0.1.0"", ""numpy"": ""1.26.4"", ""pandas"": ""3.0.3"", ""scikit-learn"": ""1.9.0""}"
compas,logreg,race,0.5,1,equal_width,15,0.183448,0.482602,0.047129,0.52973,6,0.646819,0.117899,437,3.11.15,"{""tinyaudit"": ""0.1.0"", ""numpy"": ""1.26.4"", ""pandas"": ""3.0.3"", ""scikit-learn"": ""1.9.0""}"
compas,logreg,race,0.5,1,equal_mass,10,0.194653,0.478162,0.051568,0.52973,6,0.646819,0.117899,437,3.11.15,"{""tinyaudit"": ""0.1.0"", ""numpy"": ""1.26.4"", ""pandas"": ""3.0.3"", ""scikit-learn"": ""1.9.0""}"
compas,logreg,race,0.5,1,equal_mass,15,0.209973,0.464562,0.065169,0.52973,6,0.646819,0.117899,437,3.11.15,"{""tinyaudit"": ""0.1.0"", ""numpy"": ""1.26.4"", ""pandas"": ""3.0.3"", ""scikit-learn"": ""1.9.0""}"
compas,logreg,race,0.5,2,equal_width,10,0.099833,0.247831,0.021112,0.268943,6,0.649316,0.115597,437,3.11.15,"{""tinyaudit"": ""0.1.0"", ""numpy"": ""1.26.4"", ""pandas"": ""3.0.3"", ""scikit-learn"": ""1.9.0""}"
compas,logreg,race,0.5,2,equal_width,15,0.130894,0.312816,0.045601,0.358417,6,0.649316,0.115597,437,3.11.15,"{""tinyaudit"": ""0.1.0"", ""numpy"": ""1.26.4"", ""pandas"": ""3.0.3"", ""scikit-learn"": ""1.9.0""}"
compas,logreg,race,0.5,2,equal_mass,10,0.173973,0.312611,0.045941,0.358552,6,0.649316,0.115597,437,3.11.15,"{""tinyaudit"": ""0.1.0"", ""numpy"": ""1.26.4"", ""pandas"": ""3.0.3"", ""scikit-learn"": ""1.9.0""}"
compas,logreg,race,0.5,2,equal_mass,15,0.182589,0.29684,0.061712,0.358552,6,0.649316,0.115597,437,3.11.15,"{""tinyaudit"": ""0.1.0"", ""numpy"": ""1.26.4"", ""pandas"": ""3.0.3"", ""scikit-learn"": ""1.9.0""}"
compas,logreg,race,0.5,3,equal_width,10,0.150667,0.349056,0.030508,0.379564,6,0.649963,0.115419,444,3.11.15,"{""tinyaudit"": ""0.1.0"", ""numpy"": ""1.26.4"", ""pandas"": ""3.0.3"", ""scikit-learn"": ""1.9.0""}"
compas,logreg,race,0.5,3,equal_width,15,0.165595,0.338901,0.040664,0.379564,6,0.649963,0.115419,444,3.11.15,"{""tinyaudit"": ""0.1.0"", ""numpy"": ""1.26.4"", ""pandas"": ""3.0.3"", ""scikit-learn"": ""1.9.0""}"
compas,logreg,race,0.5,3,equal_mass,10,0.189923,0.328673,0.050891,0.379564,6,0.649963,0.115419,444,3.11.15,"{""tinyaudit"": ""0.1.0"", ""numpy"": ""1.26.4"", ""pandas"": ""3.0.3"", ""scikit-learn"": ""1.9.0""}"
compas,logreg,race,0.5,3,equal_mass,15,0.196652,0.312785,0.066779,0.379564,6,0.649963,0.115419,444,3.11.15,"{""tinyaudit"": ""0.1.0"", ""numpy"": ""1.26.4"", ""pandas"": ""3.0.3"", ""scikit-learn"": ""1.9.0""}"
compas,logreg,race,0.5,4,equal_width,10,0.151686,0.351586,0.021717,0.373303,6,0.639285,0.109075,451,3.11.15,"{""tinyaudit"": ""0.1.0"", ""numpy"": ""1.26.4"", ""pandas"": ""3.0.3"", ""scikit-learn"": ""1.9.0""}"
compas,logreg,race,0.5,4,equal_width,15,0.17697,0.329964,0.043339,0.373303,6,0.639285,0.109075,451,3.11.15,"{""tinyaudit"": ""0.1.0"", ""numpy"": ""1.26.4"", ""pandas"": ""3.0.3"", ""scikit-learn"": ""1.9.0""}"
compas,logreg,race,0.5,4,equal_mass,10,0.184783,0.306105,0.067198,0.373303,6,0.639285,0.109075,451,3.11.15,"{""tinyaudit"": ""0.1.0"", ""numpy"": ""1.26.4"", ""pandas"": ""3.0.3"", ""scikit-learn"": ""1.9.0""}"
compas,logreg,race,0.5,4,equal_mass,15,0.195808,0.295648,0.077655,0.373303,6,0.639285,0.109075,451,3.11.15,"{""tinyaudit"": ""0.1.0"", ""numpy"": ""1.26.4"", ""pandas"": ""3.0.3"", ""scikit-learn"": ""1.9.0""}"
compas,logreg,race,0.7,0,equal_width,10,0.136745,0.345779,0.053213,0.398991,6,0.649105,0.086745,32,3.11.15,"{""tinyaudit"": ""0.1.0"", ""numpy"": ""1.26.4"", ""pandas"": ""3.0.3"", ""scikit-learn"": ""1.9.0""}"
compas,logreg,race,0.7,0,equal_width,15,0.135702,0.349166,0.049826,0.398991,6,0.649105,0.086745,32,3.11.15,"{""tinyaudit"": ""0.1.0"", ""numpy"": ""1.26.4"", ""pandas"": ""3.0.3"", ""scikit-learn"": ""1.9.0""}"
compas,logreg,race,0.7,0,equal_mass,10,0.169879,0.370392,0.036467,0.406859,6,0.649105,0.086745,32,3.11.15,"{""tinyaudit"": ""0.1.0"", ""numpy"": ""1.26.4"", ""pandas"": ""3.0.3"", ""scikit-learn"": ""1.9.0""}"
compas,logreg,race,0.7,0,equal_mass,15,0.174312,0.370392,0.036467,0.406859,6,0.649105,0.086745,32,3.11.15,"{""tinyaudit"": ""0.1.0"", ""numpy"": ""1.26.4"", ""pandas"": ""3.0.3"", ""scikit-learn"": ""1.9.0""}"
compas,logreg,race,0.7,1,equal_width,10,0.189442,0.5449,0.016062,0.560962,6,0.648329,0.081249,30,3.11.15,"{""tinyaudit"": ""0.1.0"", ""numpy"": ""1.26.4"", ""pandas"": ""3.0.3"", ""scikit-learn"": ""1.9.0""}"
compas,logreg,race,0.7,1,equal_width,15,0.200322,0.509814,0.051149,0.560962,6,0.648329,0.081249,30,3.11.15,"{""tinyaudit"": ""0.1.0"", ""numpy"": ""1.26.4"", ""pandas"": ""3.0.3"", ""scikit-learn"": ""1.9.0""}"
compas,logreg,race,0.7,1,equal_mass,10,0.20563,0.518535,0.042427,0.560962,6,0.648329,0.081249,30,3.11.15,"{""tinyaudit"": ""0.1.0"", ""numpy"": ""1.26.4"", ""pandas"": ""3.0.3"", ""scikit-learn"": ""1.9.0""}"
compas,logreg,race,0.7,1,equal_mass,15,0.20501,0.509449,0.051513,0.560962,6,0.648329,0.081249,30,3.11.15,"{""tinyaudit"": ""0.1.0"", ""numpy"": ""1.26.4"", ""pandas"": ""3.0.3"", ""scikit-learn"": ""1.9.0""}"
compas,logreg,race,0.7,2,equal_width,10,0.104664,0.384121,0.016498,0.400619,6,0.647631,0.081144,30,3.11.15,"{""tinyaudit"": ""0.1.0"", ""numpy"": ""1.26.4"", ""pandas"": ""3.0.3"", ""scikit-learn"": ""1.9.0""}"
compas,logreg,race,0.7,2,equal_width,15,0.112473,0.384121,0.016498,0.400619,6,0.647631,0.081144,30,3.11.15,"{""tinyaudit"": ""0.1.0"", ""numpy"": ""1.26.4"", ""pandas"": ""3.0.3"", ""scikit-learn"": ""1.9.0""}"
compas,logreg,race,0.7,2,equal_mass,10,0.146841,0.351015,0.049604,0.400619,6,0.647631,0.081144,30,3.11.15,"{""tinyaudit"": ""0.1.0"", ""numpy"": ""1.26.4"", ""pandas"": ""3.0.3"", ""scikit-learn"": ""1.9.0""}"
compas,logreg,race,0.7,2,equal_mass,15,0.149791,0.351015,0.049604,0.400619,6,0.647631,0.081144,30,3.11.15,"{""tinyaudit"": ""0.1.0"", ""numpy"": ""1.26.4"", ""pandas"": ""3.0.3"", ""scikit-learn"": ""1.9.0""}"
compas,logreg,race,0.7,3,equal_width,10,0.12577,0.298166,0.058503,0.356669,6,0.644597,0.084177,31,3.11.15,"{""tinyaudit"": ""0.1.0"", ""numpy"": ""1.26.4"", ""pandas"": ""3.0.3"", ""scikit-learn"": ""1.9.0""}"
compas,logreg,race,0.7,3,equal_width,15,0.131459,0.30433,0.052339,0.356669,6,0.644597,0.084177,31,3.11.15,"{""tinyaudit"": ""0.1.0"", ""numpy"": ""1.26.4"", ""pandas"": ""3.0.3"", ""scikit-learn"": ""1.9.0""}"
compas,logreg,race,0.7,3,equal_mass,10,0.164647,0.357159,0.035297,0.392456,6,0.644597,0.084177,31,3.11.15,"{""tinyaudit"": ""0.1.0"", ""numpy"": ""1.26.4"", ""pandas"": ""3.0.3"", ""scikit-learn"": ""1.9.0""}"
compas,logreg,race,0.7,3,equal_mass,15,0.173547,0.340412,0.052043,0.392456,6,0.644597,0.084177,31,3.11.15,"{""tinyaudit"": ""0.1.0"", ""numpy"": ""1.26.4"", ""pandas"": ""3.0.3"", ""scikit-learn"": ""1.9.0""}"
compas,logreg,race,0.7,4,equal_width,10,0.152603,0.338009,0.034543,0.372552,6,0.636196,0.081847,31,3.11.15,"{""tinyaudit"": ""0.1.0"", ""numpy"": ""1.26.4"", ""pandas"": ""3.0.3"", ""scikit-learn"": ""1.9.0""}"
compas,logreg,race,0.7,4,equal_width,15,0.15594,0.337852,0.0347,0.372552,6,0.636196,0.081847,31,3.11.15,"{""tinyaudit"": ""0.1.0"", ""numpy"": ""1.26.4"", ""pandas"": ""3.0.3"", ""scikit-learn"": ""1.9.0""}"
compas,logreg,race,0.7,4,equal_mass,10,0.159675,0.330881,0.041671,0.372552,6,0.636196,0.081847,31,3.11.15,"{""tinyaudit"": ""0.1.0"", ""numpy"": ""1.26.4"", ""pandas"": ""3.0.3"", ""scikit-learn"": ""1.9.0""}"
compas,logreg,race,0.7,4,equal_mass,15,0.166613,0.330881,0.041671,0.372552,6,0.636196,0.081847,31,3.11.15,"{""tinyaudit"": ""0.1.0"", ""numpy"": ""1.26.4"", ""pandas"": ""3.0.3"", ""scikit-learn"": ""1.9.0""}"
compas,logreg,race,0.9,0,equal_width,10,0.083988,0.066667,0.053738,0.120405,6,0.546262,0.0,1,3.11.15,"{""tinyaudit"": ""0.1.0"", ""numpy"": ""1.26.4"", ""pandas"": ""3.0.3"", ""scikit-learn"": ""1.9.0""}"
compas,logreg,race,0.9,0,equal_width,15,0.083988,0.066667,0.053738,0.120405,6,0.546262,0.0,1,3.11.15,"{""tinyaudit"": ""0.1.0"", ""numpy"": ""1.26.4"", ""pandas"": ""3.0.3"", ""scikit-learn"": ""1.9.0""}"
compas,logreg,race,0.9,0,equal_mass,10,0.083988,0.066667,0.053738,0.120405,6,0.546262,0.0,1,3.11.15,"{""tinyaudit"": ""0.1.0"", ""numpy"": ""1.26.4"", ""pandas"": ""3.0.3"", ""scikit-learn"": ""1.9.0""}"
compas,logreg,race,0.9,0,equal_mass,15,0.083988,0.066667,0.053738,0.120405,6,0.546262,0.0,1,3.11.15,"{""tinyaudit"": ""0.1.0"", ""numpy"": ""1.26.4"", ""pandas"": ""3.0.3"", ""scikit-learn"": ""1.9.0""}"
compas,logreg,race,0.9,1,equal_width,10,0.120664,0.331885,0.031414,0.363299,6,0.545792,0.0,1,3.11.15,"{""tinyaudit"": ""0.1.0"", ""numpy"": ""1.26.4"", ""pandas"": ""3.0.3"", ""scikit-learn"": ""1.9.0""}"
compas,logreg,race,0.9,1,equal_width,15,0.120664,0.331885,0.031414,0.363299,6,0.545792,0.0,1,3.11.15,"{""tinyaudit"": ""0.1.0"", ""numpy"": ""1.26.4"", ""pandas"": ""3.0.3"", ""scikit-learn"": ""1.9.0""}"
compas,logreg,race,0.9,1,equal_mass,10,0.120664,0.331885,0.031414,0.363299,6,0.545792,0.0,1,3.11.15,"{""tinyaudit"": ""0.1.0"", ""numpy"": ""1.26.4"", ""pandas"": ""3.0.3"", ""scikit-learn"": ""1.9.0""}"
compas,logreg,race,0.9,1,equal_mass,15,0.120664,0.331885,0.031414,0.363299,6,0.545792,0.0,1,3.11.15,"{""tinyaudit"": ""0.1.0"", ""numpy"": ""1.26.4"", ""pandas"": ""3.0.3"", ""scikit-learn"": ""1.9.0""}"
compas,logreg,race,0.9,2,equal_width,10,0.192931,0.497948,0.047872,0.54582,6,0.54582,0.0,1,3.11.15,"{""tinyaudit"": ""0.1.0"", ""numpy"": ""1.26.4"", ""pandas"": ""3.0.3"", ""scikit-learn"": ""1.9.0""}"
compas,logreg,race,0.9,2,equal_width,15,0.192931,0.497948,0.047872,0.54582,6,0.54582,0.0,1,3.11.15,"{""tinyaudit"": ""0.1.0"", ""numpy"": ""1.26.4"", ""pandas"": ""3.0.3"", ""scikit-learn"": ""1.9.0""}"
compas,logreg,race,0.9,2,equal_mass,10,0.192931,0.497948,0.047872,0.54582,6,0.54582,0.0,1,3.11.15,"{""tinyaudit"": ""0.1.0"", ""numpy"": ""1.26.4"", ""pandas"": ""3.0.3"", ""scikit-learn"": ""1.9.0""}"
compas,logreg,race,0.9,2,equal_mass,15,0.192931,0.497948,0.047872,0.54582,6,0.54582,0.0,1,3.11.15,"{""tinyaudit"": ""0.1.0"", ""numpy"": ""1.26.4"", ""pandas"": ""3.0.3"", ""scikit-learn"": ""1.9.0""}"
compas,logreg,race,0.9,3,equal_width,10,0.139938,0.402985,0.054655,0.45764,6,0.54236,0.0,1,3.11.15,"{""tinyaudit"": ""0.1.0"", ""numpy"": ""1.26.4"", ""pandas"": ""3.0.3"", ""scikit-learn"": ""1.9.0""}"
compas,logreg,race,0.9,3,equal_width,15,0.139938,0.402985,0.054655,0.45764,6,0.54236,0.0,1,3.11.15,"{""tinyaudit"": ""0.1.0"", ""numpy"": ""1.26.4"", ""pandas"": ""3.0.3"", ""scikit-learn"": ""1.9.0""}"
compas,logreg,race,0.9,3,equal_mass,10,0.139938,0.402985,0.054655,0.45764,6,0.54236,0.0,1,3.11.15,"{""tinyaudit"": ""0.1.0"", ""numpy"": ""1.26.4"", ""pandas"": ""3.0.3"", ""scikit-learn"": ""1.9.0""}"
compas,logreg,race,0.9,3,equal_mass,15,0.139938,0.402985,0.054655,0.45764,6,0.54236,0.0,1,3.11.15,"{""tinyaudit"": ""0.1.0"", ""numpy"": ""1.26.4"", ""pandas"": ""3.0.3"", ""scikit-learn"": ""1.9.0""}"
compas,logreg,race,0.9,4,equal_width,10,0.172038,0.389535,0.068154,0.457689,6,0.542311,0.0,1,3.11.15,"{""tinyaudit"": ""0.1.0"", ""numpy"": ""1.26.4"", ""pandas"": ""3.0.3"", ""scikit-learn"": ""1.9.0""}"
compas,logreg,race,0.9,4,equal_width,15,0.172038,0.389535,0.068154,0.457689,6,0.542311,0.0,1,3.11.15,"{""tinyaudit"": ""0.1.0"", ""numpy"": ""1.26.4"", ""pandas"": ""3.0.3"", ""scikit-learn"": ""1.9.0""}"
compas,logreg,race,0.9,4,equal_mass,10,0.172038,0.389535,0.068154,0.457689,6,0.542311,0.0,1,3.11.15,"{""tinyaudit"": ""0.1.0"", ""numpy"": ""1.26.4"", ""pandas"": ""3.0.3"", ""scikit-learn"": ""1.9.0""}"
compas,logreg,race,0.9,4,equal_mass,15,0.172038,0.389535,0.068154,0.457689,6,0.542311,0.0,1,3.11.15,"{""tinyaudit"": ""0.1.0"", ""numpy"": ""1.26.4"", ""pandas"": ""3.0.3"", ""scikit-learn"": ""1.9.0""}"
compas,logreg,sex,0.0,0,equal_width,10,0.057255,0.038814,0.037848,0.076662,2,0.656565,0.119306,566,3.11.15,"{""tinyaudit"": ""0.1.0"", ""numpy"": ""1.26.4"", ""pandas"": ""3.0.3"", ""scikit-learn"": ""1.9.0""}"
compas,logreg,sex,0.0,0,equal_width,15,0.05869,0.029545,0.043917,0.073463,2,0.656565,0.119306,566,3.11.15,"{""tinyaudit"": ""0.1.0"", ""numpy"": ""1.26.4"", ""pandas"": ""3.0.3"", ""scikit-learn"": ""1.9.0""}"
compas,logreg,sex,0.0,0,equal_mass,10,0.060504,0.025916,0.047546,0.073463,2,0.656565,0.119306,566,3.11.15,"{""tinyaudit"": ""0.1.0"", ""numpy"": ""1.26.4"", ""pandas"": ""3.0.3"", ""scikit-learn"": ""1.9.0""}"
compas,logreg,sex,0.0,0,equal_mass,15,0.077806,0.036623,0.059495,0.096118,2,0.656565,0.119306,566,3.11.15,"{""tinyaudit"": ""0.1.0"", ""numpy"": ""1.26.4"", ""pandas"": ""3.0.3"", ""scikit-learn"": ""1.9.0""}"
compas,logreg,sex,0.0,1,equal_width,10,0.050717,0.050286,0.025574,0.07586,2,0.653797,0.118276,570,3.11.15,"{""tinyaudit"": ""0.1.0"", ""numpy"": ""1.26.4"", ""pandas"": ""3.0.3"", ""scikit-learn"": ""1.9.0""}"
compas,logreg,sex,0.0,1,equal_width,15,0.054393,0.039751,0.034517,0.074268,2,0.653797,0.118276,570,3.11.15,"{""tinyaudit"": ""0.1.0"", ""numpy"": ""1.26.4"", ""pandas"": ""3.0.3"", ""scikit-learn"": ""1.9.0""}"
compas,logreg,sex,0.0,1,equal_mass,10,0.063994,0.051116,0.038436,0.089552,2,0.653797,0.118276,570,3.11.15,"{""tinyaudit"": ""0.1.0"", ""numpy"": ""1.26.4"", ""pandas"": ""3.0.3"", ""scikit-learn"": ""1.9.0""}"
compas,logreg,sex,0.0,1,equal_mass,15,0.076468,0.045336,0.0538,0.099136,2,0.653797,0.118276,570,3.11.15,"{""tinyaudit"": ""0.1.0"", ""numpy"": ""1.26.4"", ""pandas"": ""3.0.3"", ""scikit-learn"": ""1.9.0""}"
compas,logreg,sex,0.0,2,equal_width,10,0.058241,0.051497,0.032493,0.083989,2,0.656904,0.116444,560,3.11.15,"{""tinyaudit"": ""0.1.0"", ""numpy"": ""1.26.4"", ""pandas"": ""3.0.3"", ""scikit-learn"": ""1.9.0""}"
compas,logreg,sex,0.0,2,equal_width,15,0.06473,0.053072,0.038194,0.091266,2,0.656904,0.116444,560,3.11.15,"{""tinyaudit"": ""0.1.0"", ""numpy"": ""1.26.4"", ""pandas"": ""3.0.3"", ""scikit-learn"": ""1.9.0""}"
compas,logreg,sex,0.0,2,equal_mass,10,0.064382,0.05711,0.035827,0.092937,2,0.656904,0.116444,560,3.11.15,"{""tinyaudit"": ""0.1.0"", ""numpy"": ""1.26.4"", ""pandas"": ""3.0.3"", ""scikit-learn"": ""1.9.0""}"
compas,logreg,sex,0.0,2,equal_mass,15,0.080994,0.052801,0.054593,0.107394,2,0.656904,0.116444,560,3.11.15,"{""tinyaudit"": ""0.1.0"", ""numpy"": ""1.26.4"", ""pandas"": ""3.0.3"", ""scikit-learn"": ""1.9.0""}"
compas,logreg,sex,0.0,3,equal_width,10,0.06246,0.042602,0.041159,0.083761,2,0.656807,0.116118,578,3.11.15,"{""tinyaudit"": ""0.1.0"", ""numpy"": ""1.26.4"", ""pandas"": ""3.0.3"", ""scikit-learn"": ""1.9.0""}"
compas,logreg,sex,0.0,3,equal_width,15,0.06872,0.048554,0.044443,0.092997,2,0.656807,0.116118,578,3.11.15,"{""tinyaudit"": ""0.1.0"", ""numpy"": ""1.26.4"", ""pandas"": ""3.0.3"", ""scikit-learn"": ""1.9.0""}"
compas,logreg,sex,0.0,3,equal_mass,10,0.061826,0.050561,0.036545,0.087106,2,0.656807,0.116118,578,3.11.15,"{""tinyaudit"": ""0.1.0"", ""numpy"": ""1.26.4"", ""pandas"": ""3.0.3"", ""scikit-learn"": ""1.9.0""}"
compas,logreg,sex,0.0,3,equal_mass,15,0.07524,0.040815,0.054833,0.095647,2,0.656807,0.116118,578,3.11.15,"{""tinyaudit"": ""0.1.0"", ""numpy"": ""1.26.4"", ""pandas"": ""3.0.3"", ""scikit-learn"": ""1.9.0""}"
compas,logreg,sex,0.0,4,equal_width,10,0.075628,0.079978,0.035639,0.115617,2,0.64924,0.111167,578,3.11.15,"{""tinyaudit"": ""0.1.0"", ""numpy"": ""1.26.4"", ""pandas"": ""3.0.3"", ""scikit-learn"": ""1.9.0""}"
compas,logreg,sex,0.0,4,equal_width,15,0.075478,0.079562,0.035698,0.115259,2,0.64924,0.111167,578,3.11.15,"{""tinyaudit"": ""0.1.0"", ""numpy"": ""1.26.4"", ""pandas"": ""3.0.3"", ""scikit-learn"": ""1.9.0""}"
compas,logreg,sex,0.0,4,equal_mass,10,0.073512,0.076837,0.035094,0.11193,2,0.64924,0.111167,578,3.11.15,"{""tinyaudit"": ""0.1.0"", ""numpy"": ""1.26.4"", ""pandas"": ""3.0.3"", ""scikit-learn"": ""1.9.0""}"
compas,logreg,sex,0.0,4,equal_mass,15,0.077998,0.070901,0.042547,0.113448,2,0.64924,0.111167,578,3.11.15,"{""tinyaudit"": ""0.1.0"", ""numpy"": ""1.26.4"", ""pandas"": ""3.0.3"", ""scikit-learn"": ""1.9.0""}"
compas,logreg,sex,0.3,0,equal_width,10,0.057236,0.030695,0.041888,0.072583,2,0.656486,0.118889,512,3.11.15,"{""tinyaudit"": ""0.1.0"", ""numpy"": ""1.26.4"", ""pandas"": ""3.0.3"", ""scikit-learn"": ""1.9.0""}"
compas,logreg,sex,0.3,0,equal_width,15,0.058714,0.020999,0.048214,0.069213,2,0.656486,0.118889,512,3.11.15,"{""tinyaudit"": ""0.1.0"", ""numpy"": ""1.26.4"", ""pandas"": ""3.0.3"", ""scikit-learn"": ""1.9.0""}"
compas,logreg,sex,0.3,0,equal_mass,10,0.060103,0.019798,0.050203,0.070002,2,0.656486,0.118889,512,3.11.15,"{""tinyaudit"": ""0.1.0"", ""numpy"": ""1.26.4"", ""pandas"": ""3.0.3"", ""scikit-learn"": ""1.9.0""}"
compas,logreg,sex,0.3,0,equal_mass,15,0.079611,0.038435,0.060393,0.098828,2,0.656486,0.118889,512,3.11.15,"{""tinyaudit"": ""0.1.0"", ""numpy"": ""1.26.4"", ""pandas"": ""3.0.3"", ""scikit-learn"": ""1.9.0""}"
compas,logreg,sex,0.3,1,equal_width,10,0.051602,0.037617,0.032794,0.070411,2,0.652231,0.117918,509,3.11.15,"{""tinyaudit"": ""0.1.0"", ""numpy"": ""1.26.4"", ""pandas"": ""3.0.3"", ""scikit-learn"": ""1.9.0""}"
compas,logreg,sex,0.3,1,equal_width,15,0.05388,0.03555,0.036105,0.071655,2,0.652231,0.117918,509,3.11.15,"{""tinyaudit"": ""0.1.0"", ""numpy"": ""1.26.4"", ""pandas"": ""3.0.3"", ""scikit-learn"": ""1.9.0""}"
compas,logreg,sex,0.3,1,equal_mass,10,0.054393,0.033225,0.037781,0.071006,2,0.652231,0.117918,509,3.11.15,"{""tinyaudit"": ""0.1.0"", ""numpy"": ""1.26.4"", ""pandas"": ""3.0.3"", ""scikit-learn"": ""1.9.0""}"
compas,logreg,sex,0.3,1,equal_mass,15,0.06831,0.038717,0.048951,0.087668,2,0.652231,0.117918,509,3.11.15,"{""tinyaudit"": ""0.1.0"", ""numpy"": ""1.26.4"", ""pandas"": ""3.0.3"", ""scikit-learn"": ""1.9.0""}"
compas,logreg,sex,0.3,2,equal_width,10,0.058652,0.058037,0.029634,0.087671,2,0.655758,0.11612,502,3.11.15,"{""tinyaudit"": ""0.1.0"", ""numpy"": ""1.26.4"", ""pandas"": ""3.0.3"", ""scikit-learn"": ""1.9.0""}"
compas,logreg,sex,0.3,2,equal_width,15,0.067537,0.054533,0.040271,0.094804,2,0.655758,0.11612,502,3.11.15,"{""tinyaudit"": ""0.1.0"", ""numpy"": ""1.26.4"", ""pandas"": ""3.0.3"", ""scikit-learn"": ""1.9.0""}"
compas,logreg,sex,0.3,2,equal_mass,10,0.071577,0.053887,0.044634,0.098521,2,0.655758,0.11612,502,3.11.15,"{""tinyaudit"": ""0.1.0"", ""numpy"": ""1.26.4"", ""pandas"": ""3.0.3"", ""scikit-learn"": ""1.9.0""}"
compas,logreg,sex,0.3,2,equal_mass,15,0.079022,0.039737,0.059154,0.098891,2,0.655758,0.11612,502,3.11.15,"{""tinyaudit"": ""0.1.0"", ""numpy"": ""1.26.4"", ""pandas"": ""3.0.3"", ""scikit-learn"": ""1.9.0""}"
compas,logreg,sex,0.3,3,equal_width,10,0.062425,0.041917,0.041467,0.083383,2,0.657322,0.116314,516,3.11.15,"{""tinyaudit"": ""0.1.0"", ""numpy"": ""1.26.4"", ""pandas"": ""3.0.3"", ""scikit-learn"": ""1.9.0""}"
compas,logreg,sex,0.3,3,equal_width,15,0.06884,0.048272,0.044704,0.092976,2,0.657322,0.116314,516,3.11.15,"{""tinyaudit"": ""0.1.0"", ""numpy"": ""1.26.4"", ""pandas"": ""3.0.3"", ""scikit-learn"": ""1.9.0""}"
compas,logreg,sex,0.3,3,equal_mass,10,0.063127,0.050159,0.038048,0.088207,2,0.657322,0.116314,516,3.11.15,"{""tinyaudit"": ""0.1.0"", ""numpy"": ""1.26.4"", ""pandas"": ""3.0.3"", ""scikit-learn"": ""1.9.0""}"
compas,logreg,sex,0.3,3,equal_mass,15,0.076217,0.038467,0.056983,0.09545,2,0.657322,0.116314,516,3.11.15,"{""tinyaudit"": ""0.1.0"", ""numpy"": ""1.26.4"", ""pandas"": ""3.0.3"", ""scikit-learn"": ""1.9.0""}"
compas,logreg,sex,0.3,4,equal_width,10,0.073703,0.081649,0.032879,0.114528,2,0.646252,0.110192,526,3.11.15,"{""tinyaudit"": ""0.1.0"", ""numpy"": ""1.26.4"", ""pandas"": ""3.0.3"", ""scikit-learn"": ""1.9.0""}"
compas,logreg,sex,0.3,4,equal_width,15,0.074659,0.078367,0.035475,0.113842,2,0.646252,0.110192,526,3.11.15,"{""tinyaudit"": ""0.1.0"", ""numpy"": ""1.26.4"", ""pandas"": ""3.0.3"", ""scikit-learn"": ""1.9.0""}"
compas,logreg,sex,0.3,4,equal_mass,10,0.0731,0.074382,0.035909,0.110291,2,0.646252,0.110192,526,3.11.15,"{""tinyaudit"": ""0.1.0"", ""numpy"": ""1.26.4"", ""pandas"": ""3.0.3"", ""scikit-learn"": ""1.9.0""}"
compas,logreg,sex,0.3,4,equal_mass,15,0.082007,0.068953,0.047531,0.116484,2,0.646252,0.110192,526,3.11.15,"{""tinyaudit"": ""0.1.0"", ""numpy"": ""1.26.4"", ""pandas"": ""3.0.3"", ""scikit-learn"": ""1.9.0""}"
compas,logreg,sex,0.5,0,equal_width,10,0.065501,0.046795,0.042104,0.088899,2,0.650994,0.118978,448,3.11.15,"{""tinyaudit"": ""0.1.0"", ""numpy"": ""1.26.4"", ""pandas"": ""3.0.3"", ""scikit-learn"": ""1.9.0""}"
compas,logreg,sex,0.5,0,equal_width,15,0.068791,0.042455,0.047563,0.090019,2,0.650994,0.118978,448,3.11.15,"{""tinyaudit"": ""0.1.0"", ""numpy"": ""1.26.4"", ""pandas"": ""3.0.3"", ""scikit-learn"": ""1.9.0""}"
compas,logreg,sex,0.5,0,equal_mass,10,0.07016,0.037477,0.051422,0.088899,2,0.650994,0.118978,448,3.11.15,"{""tinyaudit"": ""0.1.0"", ""numpy"": ""1.26.4"", ""pandas"": ""3.0.3"", ""scikit-learn"": ""1.9.0""}"
compas,logreg,sex,0.5,0,equal_mass,15,0.081449,0.045682,0.058608,0.104291,2,0.650994,0.118978,448,3.11.15,"{""tinyaudit"": ""0.1.0"", ""numpy"": ""1.26.4"", ""pandas"": ""3.0.3"", ""scikit-learn"": ""1.9.0""}"
compas,logreg,sex,0.5,1,equal_width,10,0.049261,0.029415,0.034553,0.063968,2,0.646819,0.117899,437,3.11.15,"{""tinyaudit"": ""0.1.0"", ""numpy"": ""1.26.4"", ""pandas"": ""3.0.3"", ""scikit-learn"": ""1.9.0""}"
compas,logreg,sex,0.5,1,equal_width,15,0.059259,0.039965,0.039277,0.079242,2,0.646819,0.117899,437,3.11.15,"{""tinyaudit"": ""0.1.0"", ""numpy"": ""1.26.4"", ""pandas"": ""3.0.3"", ""scikit-learn"": ""1.9.0""}"
compas,logreg,sex,0.5,1,equal_mass,10,0.07199,0.066601,0.038689,0.10529,2,0.646819,0.117899,437,3.11.15,"{""tinyaudit"": ""0.1.0"", ""numpy"": ""1.26.4"", ""pandas"": ""3.0.3"", ""scikit-learn"": ""1.9.0""}"
compas,logreg,sex,0.5,1,equal_mass,15,0.074432,0.056472,0.046196,0.102668,2,0.646819,0.117899,437,3.11.15,"{""tinyaudit"": ""0.1.0"", ""numpy"": ""1.26.4"", ""pandas"": ""3.0.3"", ""scikit-learn"": ""1.9.0""}"
compas,logreg,sex,0.5,2,equal_width,10,0.066927,0.06352,0.035167,0.098687,2,0.649316,0.115597,437,3.11.15,"{""tinyaudit"": ""0.1.0"", ""numpy"": ""1.26.4"", ""pandas"": ""3.0.3"", ""scikit-learn"": ""1.9.0""}"
compas,logreg,sex,0.5,2,equal_width,15,0.077593,0.053431,0.050877,0.104308,2,0.649316,0.115597,437,3.11.15,"{""tinyaudit"": ""0.1.0"", ""numpy"": ""1.26.4"", ""pandas"": ""3.0.3"", ""scikit-learn"": ""1.9.0""}"
compas,logreg,sex,0.5,2,equal_mass,10,0.075248,0.068953,0.040772,0.109725,2,0.649316,0.115597,437,3.11.15,"{""tinyaudit"": ""0.1.0"", ""numpy"": ""1.26.4"", ""pandas"": ""3.0.3"", ""scikit-learn"": ""1.9.0""}"
compas,logreg,sex,0.5,2,equal_mass,15,0.086394,0.050828,0.06098,0.111808,2,0.649316,0.115597,437,3.11.15,"{""tinyaudit"": ""0.1.0"", ""numpy"": ""1.26.4"", ""pandas"": ""3.0.3"", ""scikit-learn"": ""1.9.0""}"
compas,logreg,sex,0.5,3,equal_width,10,0.065799,0.041826,0.044886,0.086712,2,0.649963,0.115419,444,3.11.15,"{""tinyaudit"": ""0.1.0"", ""numpy"": ""1.26.4"", ""pandas"": ""3.0.3"", ""scikit-learn"": ""1.9.0""}"
compas,logreg,sex,0.5,3,equal_width,15,0.070346,0.050921,0.044886,0.095807,2,0.649963,0.115419,444,3.11.15,"{""tinyaudit"": ""0.1.0"", ""numpy"": ""1.26.4"", ""pandas"": ""3.0.3"", ""scikit-learn"": ""1.9.0""}"
compas,logreg,sex,0.5,3,equal_mass,10,0.069759,0.060012,0.039753,0.099765,2,0.649963,0.115419,444,3.11.15,"{""tinyaudit"": ""0.1.0"", ""numpy"": ""1.26.4"", ""pandas"": ""3.0.3"", ""scikit-learn"": ""1.9.0""}"
compas,logreg,sex,0.5,3,equal_mass,15,0.079572,0.058173,0.050485,0.108659,2,0.649963,0.115419,444,3.11.15,"{""tinyaudit"": ""0.1.0"", ""numpy"": ""1.26.4"", ""pandas"": ""3.0.3"", ""scikit-learn"": ""1.9.0""}"
compas,logreg,sex,0.5,4,equal_width,10,0.077664,0.080792,0.037268,0.11806,2,0.639285,0.109075,451,3.11.15,"{""tinyaudit"": ""0.1.0"", ""numpy"": ""1.26.4"", ""pandas"": ""3.0.3"", ""scikit-learn"": ""1.9.0""}"
compas,logreg,sex,0.5,4,equal_width,15,0.080471,0.076867,0.042037,0.118905,2,0.639285,0.109075,451,3.11.15,"{""tinyaudit"": ""0.1.0"", ""numpy"": ""1.26.4"", ""pandas"": ""3.0.3"", ""scikit-learn"": ""1.9.0""}"
compas,logreg,sex,0.5,4,equal_mass,10,0.080533,0.074849,0.043108,0.117957,2,0.639285,0.109075,451,3.11.15,"{""tinyaudit"": ""0.1.0"", ""numpy"": ""1.26.4"", ""pandas"": ""3.0.3"", ""scikit-learn"": ""1.9.0""}"
compas,logreg,sex,0.5,4,equal_mass,15,0.090102,0.07133,0.054437,0.125767,2,0.639285,0.109075,451,3.11.15,"{""tinyaudit"": ""0.1.0"", ""numpy"": ""1.26.4"", ""pandas"": ""3.0.3"", ""scikit-learn"": ""1.9.0""}"
compas,logreg,sex,0.7,0,equal_width,10,0.073392,0.092344,0.02722,0.119565,2,0.649105,0.086745,32,3.11.15,"{""tinyaudit"": ""0.1.0"", ""numpy"": ""1.26.4"", ""pandas"": ""3.0.3"", ""scikit-learn"": ""1.9.0""}"
compas,logreg,sex,0.7,0,equal_width,15,0.085136,0.077673,0.046299,0.123972,2,0.649105,0.086745,32,3.11.15,"{""tinyaudit"": ""0.1.0"", ""numpy"": ""1.26.4"", ""pandas"": ""3.0.3"", ""scikit-learn"": ""1.9.0""}"
compas,logreg,sex,0.7,0,equal_mass,10,0.079172,0.069096,0.044624,0.11372,2,0.649105,0.086745,32,3.11.15,"{""tinyaudit"": ""0.1.0"", ""numpy"": ""1.26.4"", ""pandas"": ""3.0.3"", ""scikit-learn"": ""1.9.0""}"
compas,logreg,sex,0.7,0,equal_mass,15,0.082776,0.061889,0.051831,0.11372,2,0.649105,0.086745,32,3.11.15,"{""tinyaudit"": ""0.1.0"", ""numpy"": ""1.26.4"", ""pandas"": ""3.0.3"", ""scikit-learn"": ""1.9.0""}"
compas,logreg,sex,0.7,1,equal_width,10,0.040016,0.032306,0.023863,0.056169,2,0.648329,0.081249,30,3.11.15,"{""tinyaudit"": ""0.1.0"", ""numpy"": ""1.26.4"", ""pandas"": ""3.0.3"", ""scikit-learn"": ""1.9.0""}"
compas,logreg,sex,0.7,1,equal_width,15,0.061541,0.000817,0.061133,0.06195,2,0.648329,0.081249,30,3.11.15,"{""tinyaudit"": ""0.1.0"", ""numpy"": ""1.26.4"", ""pandas"": ""3.0.3"", ""scikit-learn"": ""1.9.0""}"
compas,logreg,sex,0.7,1,equal_mass,10,0.061096,0.002875,0.059658,0.062533,2,0.648329,0.081249,30,3.11.15,"{""tinyaudit"": ""0.1.0"", ""numpy"": ""1.26.4"", ""pandas"": ""3.0.3"", ""scikit-learn"": ""1.9.0""}"
compas,logreg,sex,0.7,1,equal_mass,15,0.074208,0.022925,0.062746,0.085671,2,0.648329,0.081249,30,3.11.15,"{""tinyaudit"": ""0.1.0"", ""numpy"": ""1.26.4"", ""pandas"": ""3.0.3"", ""scikit-learn"": ""1.9.0""}"
compas,logreg,sex,0.7,2,equal_width,10,0.069243,0.07268,0.032903,0.105583,2,0.647631,0.081144,30,3.11.15,"{""tinyaudit"": ""0.1.0"", ""numpy"": ""1.26.4"", ""pandas"": ""3.0.3"", ""scikit-learn"": ""1.9.0""}"
compas,logreg,sex,0.7,2,equal_width,15,0.075596,0.063703,0.043745,0.107447,2,0.647631,0.081144,30,3.11.15,"{""tinyaudit"": ""0.1.0"", ""numpy"": ""1.26.4"", ""pandas"": ""3.0.3"", ""scikit-learn"": ""1.9.0""}"
compas,logreg,sex,0.7,2,equal_mass,10,0.081634,0.06321,0.050029,0.113239,2,0.647631,0.081144,30,3.11.15,"{""tinyaudit"": ""0.1.0"", ""numpy"": ""1.26.4"", ""pandas"": ""3.0.3"", ""scikit-learn"": ""1.9.0""}"
compas,logreg,sex,0.7,2,equal_mass,15,0.08297,0.060539,0.0527,0.113239,2,0.647631,0.081144,30,3.11.15,"{""tinyaudit"": ""0.1.0"", ""numpy"": ""1.26.4"", ""pandas"": ""3.0.3"", ""scikit-learn"": ""1.9.0""}"
compas,logreg,sex,0.7,3,equal_width,10,0.058857,0.049781,0.033966,0.083748,2,0.644597,0.084177,31,3.11.15,"{""tinyaudit"": ""0.1.0"", ""numpy"": ""1.26.4"", ""pandas"": ""3.0.3"", ""scikit-learn"": ""1.9.0""}"
compas,logreg,sex,0.7,3,equal_width,15,0.05896,0.049576,0.034172,0.083748,2,0.644597,0.084177,31,3.11.15,"{""tinyaudit"": ""0.1.0"", ""numpy"": ""1.26.4"", ""pandas"": ""3.0.3"", ""scikit-learn"": ""1.9.0""}"
compas,logreg,sex,0.7,3,equal_mass,10,0.066941,0.029449,0.052217,0.081666,2,0.644597,0.084177,31,3.11.15,"{""tinyaudit"": ""0.1.0"", ""numpy"": ""1.26.4"", ""pandas"": ""3.0.3"", ""scikit-learn"": ""1.9.0""}"
compas,logreg,sex,0.7,3,equal_mass,15,0.066877,0.025749,0.054002,0.079751,2,0.644597,0.084177,31,3.11.15,"{""tinyaudit"": ""0.1.0"", ""numpy"": ""1.26.4"", ""pandas"": ""3.0.3"", ""scikit-learn"": ""1.9.0""}"
compas,logreg,sex,0.7,4,equal_width,10,0.066365,0.080978,0.025876,0.106854,2,0.636196,0.081847,31,3.11.15,"{""tinyaudit"": ""0.1.0"", ""numpy"": ""1.26.4"", ""pandas"": ""3.0.3"", ""scikit-learn"": ""1.9.0""}"
compas,logreg,sex,0.7,4,equal_width,15,0.066639,0.07624,0.028519,0.104759,2,0.636196,0.081847,31,3.11.15,"{""tinyaudit"": ""0.1.0"", ""numpy"": ""1.26.4"", ""pandas"": ""3.0.3"", ""scikit-learn"": ""1.9.0""}"
compas,logreg,sex,0.7,4,equal_mass,10,0.065661,0.069953,0.030685,0.100638,2,0.636196,0.081847,31,3.11.15,"{""tinyaudit"": ""0.1.0"", ""numpy"": ""1.26.4"", ""pandas"": ""3.0.3"", ""scikit-learn"": ""1.9.0""}"
compas,logreg,sex,0.7,4,equal_mass,15,0.069455,0.070231,0.03434,0.10457,2,0.636196,0.081847,31,3.11.15,"{""tinyaudit"": ""0.1.0"", ""numpy"": ""1.26.4"", ""pandas"": ""3.0.3"", ""scikit-learn"": ""1.9.0""}"
compas,logreg,sex,0.9,0,equal_width,10,0.070073,0.08648,0.026833,0.113313,2,0.546262,0.0,1,3.11.15,"{""tinyaudit"": ""0.1.0"", ""numpy"": ""1.26.4"", ""pandas"": ""3.0.3"", ""scikit-learn"": ""1.9.0""}"
compas,logreg,sex,0.9,0,equal_width,15,0.070073,0.08648,0.026833,0.113313,2,0.546262,0.0,1,3.11.15,"{""tinyaudit"": ""0.1.0"", ""numpy"": ""1.26.4"", ""pandas"": ""3.0.3"", ""scikit-learn"": ""1.9.0""}"
compas,logreg,sex,0.9,0,equal_mass,10,0.070073,0.08648,0.026833,0.113313,2,0.546262,0.0,1,3.11.15,"{""tinyaudit"": ""0.1.0"", ""numpy"": ""1.26.4"", ""pandas"": ""3.0.3"", ""scikit-learn"": ""1.9.0""}"
compas,logreg,sex,0.9,0,equal_mass,15,0.070073,0.08648,0.026833,0.113313,2,0.546262,0.0,1,3.11.15,"{""tinyaudit"": ""0.1.0"", ""numpy"": ""1.26.4"", ""pandas"": ""3.0.3"", ""scikit-learn"": ""1.9.0""}"
compas,logreg,sex,0.9,1,equal_width,10,0.063411,0.074199,0.026311,0.100511,2,0.545792,0.0,1,3.11.15,"{""tinyaudit"": ""0.1.0"", ""numpy"": ""1.26.4"", ""pandas"": ""3.0.3"", ""scikit-learn"": ""1.9.0""}"
compas,logreg,sex,0.9,1,equal_width,15,0.063411,0.074199,0.026311,0.100511,2,0.545792,0.0,1,3.11.15,"{""tinyaudit"": ""0.1.0"", ""numpy"": ""1.26.4"", ""pandas"": ""3.0.3"", ""scikit-learn"": ""1.9.0""}"
compas,logreg,sex,0.9,1,equal_mass,10,0.063411,0.074199,0.026311,0.100511,2,0.545792,0.0,1,3.11.15,"{""tinyaudit"": ""0.1.0"", ""numpy"": ""1.26.4"", ""pandas"": ""3.0.3"", ""scikit-learn"": ""1.9.0""}"
compas,logreg,sex,0.9,1,equal_mass,15,0.063411,0.074199,0.026311,0.100511,2,0.545792,0.0,1,3.11.15,"{""tinyaudit"": ""0.1.0"", ""numpy"": ""1.26.4"", ""pandas"": ""3.0.3"", ""scikit-learn"": ""1.9.0""}"
compas,logreg,sex,0.9,2,equal_width,10,0.073619,0.087855,0.029691,0.117546,2,0.54582,0.0,1,3.11.15,"{""tinyaudit"": ""0.1.0"", ""numpy"": ""1.26.4"", ""pandas"": ""3.0.3"", ""scikit-learn"": ""1.9.0""}"
compas,logreg,sex,0.9,2,equal_width,15,0.073619,0.087855,0.029691,0.117546,2,0.54582,0.0,1,3.11.15,"{""tinyaudit"": ""0.1.0"", ""numpy"": ""1.26.4"", ""pandas"": ""3.0.3"", ""scikit-learn"": ""1.9.0""}"
compas,logreg,sex,0.9,2,equal_mass,10,0.073619,0.087855,0.029691,0.117546,2,0.54582,0.0,1,3.11.15,"{""tinyaudit"": ""0.1.0"", ""numpy"": ""1.26.4"", ""pandas"": ""3.0.3"", ""scikit-learn"": ""1.9.0""}"
compas,logreg,sex,0.9,2,equal_mass,15,0.073619,0.087855,0.029691,0.117546,2,0.54582,0.0,1,3.11.15,"{""tinyaudit"": ""0.1.0"", ""numpy"": ""1.26.4"", ""pandas"": ""3.0.3"", ""scikit-learn"": ""1.9.0""}"
compas,logreg,sex,0.9,3,equal_width,10,0.060155,0.07702,0.021645,0.098666,2,0.54236,0.0,1,3.11.15,"{""tinyaudit"": ""0.1.0"", ""numpy"": ""1.26.4"", ""pandas"": ""3.0.3"", ""scikit-learn"": ""1.9.0""}"
compas,logreg,sex,0.9,3,equal_width,15,0.060155,0.07702,0.021645,0.098666,2,0.54236,0.0,1,3.11.15,"{""tinyaudit"": ""0.1.0"", ""numpy"": ""1.26.4"", ""pandas"": ""3.0.3"", ""scikit-learn"": ""1.9.0""}"
compas,logreg,sex,0.9,3,equal_mass,10,0.060155,0.07702,0.021645,0.098666,2,0.54236,0.0,1,3.11.15,"{""tinyaudit"": ""0.1.0"", ""numpy"": ""1.26.4"", ""pandas"": ""3.0.3"", ""scikit-learn"": ""1.9.0""}"
compas,logreg,sex,0.9,3,equal_mass,15,0.060155,0.07702,0.021645,0.098666,2,0.54236,0.0,1,3.11.15,"{""tinyaudit"": ""0.1.0"", ""numpy"": ""1.26.4"", ""pandas"": ""3.0.3"", ""scikit-learn"": ""1.9.0""}"
compas,logreg,sex,0.9,4,equal_width,10,0.067209,0.092315,0.021051,0.113366,2,0.542311,0.0,1,3.11.15,"{""tinyaudit"": ""0.1.0"", ""numpy"": ""1.26.4"", ""pandas"": ""3.0.3"", ""scikit-learn"": ""1.9.0""}"
compas,logreg,sex,0.9,4,equal_width,15,0.067209,0.092315,0.021051,0.113366,2,0.542311,0.0,1,3.11.15,"{""tinyaudit"": ""0.1.0"", ""numpy"": ""1.26.4"", ""pandas"": ""3.0.3"", ""scikit-learn"": ""1.9.0""}"
compas,logreg,sex,0.9,4,equal_mass,10,0.067209,0.092315,0.021051,0.113366,2,0.542311,0.0,1,3.11.15,"{""tinyaudit"": ""0.1.0"", ""numpy"": ""1.26.4"", ""pandas"": ""3.0.3"", ""scikit-learn"": ""1.9.0""}"
compas,logreg,sex,0.9,4,equal_mass,15,0.067209,0.092315,0.021051,0.113366,2,0.542311,0.0,1,3.11.15,"{""tinyaudit"": ""0.1.0"", ""numpy"": ""1.26.4"", ""pandas"": ""3.0.3"", ""scikit-learn"": ""1.9.0""}"
