dataset,model,sensitive,compression,seed,group,n,selection_rate,mean_entropy,mean_variance,mutual_information,ece,selection_disparity,entropy_disparity,variance_disparity,mi_disparity,ece_disparity,spearman_entropy_ece,spearman_mi_ece,spearman_entropy_selection,config_hash,python,versions
adult,logreg,sex,none,0,Female,4064,0.076526,0.207178,0.000689,0.002377,0.007059,0.177187,0.163075,0.001376,0.003135,0.003306,nan,nan,nan,74f350024cf3,3.11.15,"{""tinyaudit"": ""0.1.0"", ""numpy"": ""1.26.4"", ""pandas"": ""3.0.5"", ""scikit-learn"": ""1.9.0"", ""torch"": ""2.13.0""}"
adult,logreg,sex,none,0,Male,8147,0.253713,0.370252,0.002065,0.005512,0.010365,0.177187,0.163075,0.001376,0.003135,0.003306,nan,nan,nan,74f350024cf3,3.11.15,"{""tinyaudit"": ""0.1.0"", ""numpy"": ""1.26.4"", ""pandas"": ""3.0.5"", ""scikit-learn"": ""1.9.0"", ""torch"": ""2.13.0""}"
adult,logreg,sex,prune:0.5,0,Female,4064,0.07628,0.209439,0.000692,0.002376,0.009928,0.170928,0.159761,0.001355,0.003109,0.001619,nan,nan,nan,44ea56eef5e0,3.11.15,"{""tinyaudit"": ""0.1.0"", ""numpy"": ""1.26.4"", ""pandas"": ""3.0.5"", ""scikit-learn"": ""1.9.0"", ""torch"": ""2.13.0""}"
adult,logreg,sex,prune:0.5,0,Male,8147,0.247208,0.3692,0.002046,0.005484,0.011546,0.170928,0.159761,0.001355,0.003109,0.001619,nan,nan,nan,44ea56eef5e0,3.11.15,"{""tinyaudit"": ""0.1.0"", ""numpy"": ""1.26.4"", ""pandas"": ""3.0.5"", ""scikit-learn"": ""1.9.0"", ""torch"": ""2.13.0""}"
adult,logreg,sex,prune:0.9,0,Female,4064,0.033465,0.197891,0.000702,0.002456,0.02116,0.140342,0.205635,0.001553,0.003311,0.010641,nan,nan,nan,afc89cf438c4,3.11.15,"{""tinyaudit"": ""0.1.0"", ""numpy"": ""1.26.4"", ""pandas"": ""3.0.5"", ""scikit-learn"": ""1.9.0"", ""torch"": ""2.13.0""}"
adult,logreg,sex,prune:0.9,0,Male,8147,0.173806,0.403526,0.002255,0.005768,0.0318,0.140342,0.205635,0.001553,0.003311,0.010641,nan,nan,nan,afc89cf438c4,3.11.15,"{""tinyaudit"": ""0.1.0"", ""numpy"": ""1.26.4"", ""pandas"": ""3.0.5"", ""scikit-learn"": ""1.9.0"", ""torch"": ""2.13.0""}"
adult,logreg,race,none,0,Amer-Indian-Eskimo,113,0.106195,0.295478,0.001692,0.004687,0.06297,0.150246,0.133023,0.000875,0.002158,0.061498,-0.3,-0.3,0.8,34cf9b22db40,3.11.15,"{""tinyaudit"": ""0.1.0"", ""numpy"": ""1.26.4"", ""pandas"": ""3.0.5"", ""scikit-learn"": ""1.9.0"", ""torch"": ""2.13.0""}"
adult,logreg,race,none,0,Asian-Pac-Islander,371,0.234501,0.308945,0.001613,0.004426,0.070681,0.150246,0.133023,0.000875,0.002158,0.061498,-0.3,-0.3,0.8,34cf9b22db40,3.11.15,"{""tinyaudit"": ""0.1.0"", ""numpy"": ""1.26.4"", ""pandas"": ""3.0.5"", ""scikit-learn"": ""1.9.0"", ""torch"": ""2.13.0""}"
adult,logreg,race,none,0,Black,1175,0.084255,0.217671,0.000882,0.002794,0.024501,0.150246,0.133023,0.000875,0.002158,0.061498,-0.3,-0.3,0.8,34cf9b22db40,3.11.15,"{""tinyaudit"": ""0.1.0"", ""numpy"": ""1.26.4"", ""pandas"": ""3.0.5"", ""scikit-learn"": ""1.9.0"", ""torch"": ""2.13.0""}"
adult,logreg,race,none,0,Other,103,0.087379,0.195668,0.00082,0.002529,0.06376,0.150246,0.133023,0.000875,0.002158,0.061498,-0.3,-0.3,0.8,34cf9b22db40,3.11.15,"{""tinyaudit"": ""0.1.0"", ""numpy"": ""1.26.4"", ""pandas"": ""3.0.5"", ""scikit-learn"": ""1.9.0"", ""torch"": ""2.13.0""}"
adult,logreg,race,none,0,White,10449,0.207771,0.328691,0.001695,0.004675,0.009183,0.150246,0.133023,0.000875,0.002158,0.061498,-0.3,-0.3,0.8,34cf9b22db40,3.11.15,"{""tinyaudit"": ""0.1.0"", ""numpy"": ""1.26.4"", ""pandas"": ""3.0.5"", ""scikit-learn"": ""1.9.0"", ""torch"": ""2.13.0""}"
adult,logreg,race,prune:0.5,0,Amer-Indian-Eskimo,113,0.088496,0.294414,0.001654,0.004632,0.044015,0.136769,0.129926,0.000834,0.002062,0.052611,-0.3,-0.5,0.8,5b0dcde944aa,3.11.15,"{""tinyaudit"": ""0.1.0"", ""numpy"": ""1.26.4"", ""pandas"": ""3.0.5"", ""scikit-learn"": ""1.9.0"", ""torch"": ""2.13.0""}"
adult,logreg,race,prune:0.5,0,Asian-Pac-Islander,371,0.221024,0.306767,0.001569,0.004325,0.059851,0.136769,0.129926,0.000834,0.002062,0.052611,-0.3,-0.5,0.8,5b0dcde944aa,3.11.15,"{""tinyaudit"": ""0.1.0"", ""numpy"": ""1.26.4"", ""pandas"": ""3.0.5"", ""scikit-learn"": ""1.9.0"", ""torch"": ""2.13.0""}"
adult,logreg,race,prune:0.5,0,Black,1175,0.084255,0.219603,0.000883,0.002797,0.021216,0.136769,0.129926,0.000834,0.002062,0.052611,-0.3,-0.5,0.8,5b0dcde944aa,3.11.15,"{""tinyaudit"": ""0.1.0"", ""numpy"": ""1.26.4"", ""pandas"": ""3.0.5"", ""scikit-learn"": ""1.9.0"", ""torch"": ""2.13.0""}"
adult,logreg,race,prune:0.5,0,Other,103,0.087379,0.198666,0.000849,0.002595,0.051163,0.136769,0.129926,0.000834,0.002062,0.052611,-0.3,-0.5,0.8,5b0dcde944aa,3.11.15,"{""tinyaudit"": ""0.1.0"", ""numpy"": ""1.26.4"", ""pandas"": ""3.0.5"", ""scikit-learn"": ""1.9.0"", ""torch"": ""2.13.0""}"
adult,logreg,race,prune:0.5,0,White,10449,0.203273,0.328592,0.001683,0.004656,0.00724,0.136769,0.129926,0.000834,0.002062,0.052611,-0.3,-0.5,0.8,5b0dcde944aa,3.11.15,"{""tinyaudit"": ""0.1.0"", ""numpy"": ""1.26.4"", ""pandas"": ""3.0.5"", ""scikit-learn"": ""1.9.0"", ""torch"": ""2.13.0""}"
adult,logreg,race,prune:0.9,0,Amer-Indian-Eskimo,113,0.061947,0.325101,0.001786,0.00501,0.056669,0.096961,0.113501,0.000873,0.002024,0.047178,0.0,0.4,1.0,fd22da94ba42,3.11.15,"{""tinyaudit"": ""0.1.0"", ""numpy"": ""1.26.4"", ""pandas"": ""3.0.5"", ""scikit-learn"": ""1.9.0"", ""torch"": ""2.13.0""}"
adult,logreg,race,prune:0.9,0,Asian-Pac-Islander,371,0.137466,0.342512,0.001832,0.00486,0.051379,0.096961,0.113501,0.000873,0.002024,0.047178,0.0,0.4,1.0,fd22da94ba42,3.11.15,"{""tinyaudit"": ""0.1.0"", ""numpy"": ""1.26.4"", ""pandas"": ""3.0.5"", ""scikit-learn"": ""1.9.0"", ""torch"": ""2.13.0""}"
adult,logreg,race,prune:0.9,0,Black,1175,0.040851,0.233588,0.000959,0.002986,0.014591,0.096961,0.113501,0.000873,0.002024,0.047178,0.0,0.4,1.0,fd22da94ba42,3.11.15,"{""tinyaudit"": ""0.1.0"", ""numpy"": ""1.26.4"", ""pandas"": ""3.0.5"", ""scikit-learn"": ""1.9.0"", ""torch"": ""2.13.0""}"
adult,logreg,race,prune:0.9,0,Other,103,0.058252,0.259667,0.001076,0.003354,0.061769,0.096961,0.113501,0.000873,0.002024,0.047178,0.0,0.4,1.0,fd22da94ba42,3.11.15,"{""tinyaudit"": ""0.1.0"", ""numpy"": ""1.26.4"", ""pandas"": ""3.0.5"", ""scikit-learn"": ""1.9.0"", ""torch"": ""2.13.0""}"
adult,logreg,race,prune:0.9,0,White,10449,0.137812,0.347089,0.001828,0.004857,0.030499,0.096961,0.113501,0.000873,0.002024,0.047178,0.0,0.4,1.0,fd22da94ba42,3.11.15,"{""tinyaudit"": ""0.1.0"", ""numpy"": ""1.26.4"", ""pandas"": ""3.0.5"", ""scikit-learn"": ""1.9.0"", ""torch"": ""2.13.0""}"
adult,logreg,sex,none,1,Female,4072,0.077603,0.218133,0.000774,0.002507,0.01297,0.190734,0.154704,0.001244,0.002893,0.007379,nan,nan,nan,9c9294008814,3.11.15,"{""tinyaudit"": ""0.1.0"", ""numpy"": ""1.26.4"", ""pandas"": ""3.0.5"", ""scikit-learn"": ""1.9.0"", ""torch"": ""2.13.0""}"
adult,logreg,sex,none,1,Male,8139,0.268338,0.372837,0.002018,0.0054,0.005591,0.190734,0.154704,0.001244,0.002893,0.007379,nan,nan,nan,9c9294008814,3.11.15,"{""tinyaudit"": ""0.1.0"", ""numpy"": ""1.26.4"", ""pandas"": ""3.0.5"", ""scikit-learn"": ""1.9.0"", ""torch"": ""2.13.0""}"
adult,logreg,sex,prune:0.5,1,Female,4072,0.077849,0.218386,0.000769,0.002486,0.011104,0.182871,0.155057,0.001242,0.002901,0.005679,nan,nan,nan,59ac0bdafad3,3.11.15,"{""tinyaudit"": ""0.1.0"", ""numpy"": ""1.26.4"", ""pandas"": ""3.0.5"", ""scikit-learn"": ""1.9.0"", ""torch"": ""2.13.0""}"
adult,logreg,sex,prune:0.5,1,Male,8139,0.26072,0.373443,0.00201,0.005387,0.005425,0.182871,0.155057,0.001242,0.002901,0.005679,nan,nan,nan,59ac0bdafad3,3.11.15,"{""tinyaudit"": ""0.1.0"", ""numpy"": ""1.26.4"", ""pandas"": ""3.0.5"", ""scikit-learn"": ""1.9.0"", ""torch"": ""2.13.0""}"
adult,logreg,sex,prune:0.9,1,Female,4072,0.038802,0.207675,0.000732,0.002356,0.012062,0.139599,0.197887,0.001465,0.003274,0.020324,nan,nan,nan,d63ba6ade0ca,3.11.15,"{""tinyaudit"": ""0.1.0"", ""numpy"": ""1.26.4"", ""pandas"": ""3.0.5"", ""scikit-learn"": ""1.9.0"", ""torch"": ""2.13.0""}"
adult,logreg,sex,prune:0.9,1,Male,8139,0.1784,0.405562,0.002197,0.00563,0.032387,0.139599,0.197887,0.001465,0.003274,0.020324,nan,nan,nan,d63ba6ade0ca,3.11.15,"{""tinyaudit"": ""0.1.0"", ""numpy"": ""1.26.4"", ""pandas"": ""3.0.5"", ""scikit-learn"": ""1.9.0"", ""torch"": ""2.13.0""}"
adult,logreg,race,none,1,Amer-Indian-Eskimo,123,0.121951,0.262261,0.001222,0.003552,0.025711,0.153883,0.113068,0.000841,0.001825,0.047126,-0.6,-0.6,0.8,bfff18071fd3,3.11.15,"{""tinyaudit"": ""0.1.0"", ""numpy"": ""1.26.4"", ""pandas"": ""3.0.5"", ""scikit-learn"": ""1.9.0"", ""torch"": ""2.13.0""}"
adult,logreg,race,none,1,Asian-Pac-Islander,378,0.251323,0.313679,0.001454,0.003892,0.035242,0.153883,0.113068,0.000841,0.001825,0.047126,-0.6,-0.6,0.8,bfff18071fd3,3.11.15,"{""tinyaudit"": ""0.1.0"", ""numpy"": ""1.26.4"", ""pandas"": ""3.0.5"", ""scikit-learn"": ""1.9.0"", ""torch"": ""2.13.0""}"
adult,logreg,race,none,1,Black,1211,0.09744,0.225197,0.000972,0.002917,0.015226,0.153883,0.113068,0.000841,0.001825,0.047126,-0.6,-0.6,0.8,bfff18071fd3,3.11.15,"{""tinyaudit"": ""0.1.0"", ""numpy"": ""1.26.4"", ""pandas"": ""3.0.5"", ""scikit-learn"": ""1.9.0"", ""torch"": ""2.13.0""}"
adult,logreg,race,none,1,Other,91,0.098901,0.221203,0.000852,0.002831,0.051823,0.153883,0.113068,0.000841,0.001825,0.047126,-0.6,-0.6,0.8,bfff18071fd3,3.11.15,"{""tinyaudit"": ""0.1.0"", ""numpy"": ""1.26.4"", ""pandas"": ""3.0.5"", ""scikit-learn"": ""1.9.0"", ""torch"": ""2.13.0""}"
adult,logreg,race,none,1,White,10408,0.217429,0.33427,0.001694,0.004656,0.004697,0.153883,0.113068,0.000841,0.001825,0.047126,-0.6,-0.6,0.8,bfff18071fd3,3.11.15,"{""tinyaudit"": ""0.1.0"", ""numpy"": ""1.26.4"", ""pandas"": ""3.0.5"", ""scikit-learn"": ""1.9.0"", ""torch"": ""2.13.0""}"
adult,logreg,race,prune:0.5,1,Amer-Indian-Eskimo,123,0.113821,0.262208,0.001217,0.003522,0.039914,0.150075,0.108867,0.000819,0.001728,0.044778,-0.7,-0.4,0.8,c00b03b7dfbc,3.11.15,"{""tinyaudit"": ""0.1.0"", ""numpy"": ""1.26.4"", ""pandas"": ""3.0.5"", ""scikit-learn"": ""1.9.0"", ""torch"": ""2.13.0""}"
adult,logreg,race,prune:0.5,1,Asian-Pac-Islander,378,0.243386,0.318552,0.001438,0.003823,0.033687,0.150075,0.108867,0.000819,0.001728,0.044778,-0.7,-0.4,0.8,c00b03b7dfbc,3.11.15,"{""tinyaudit"": ""0.1.0"", ""numpy"": ""1.26.4"", ""pandas"": ""3.0.5"", ""scikit-learn"": ""1.9.0"", ""torch"": ""2.13.0""}"
adult,logreg,race,prune:0.5,1,Black,1211,0.093311,0.22575,0.000974,0.002912,0.014068,0.150075,0.108867,0.000819,0.001728,0.044778,-0.7,-0.4,0.8,c00b03b7dfbc,3.11.15,"{""tinyaudit"": ""0.1.0"", ""numpy"": ""1.26.4"", ""pandas"": ""3.0.5"", ""scikit-learn"": ""1.9.0"", ""torch"": ""2.13.0""}"
adult,logreg,race,prune:0.5,1,Other,91,0.098901,0.225696,0.000867,0.002915,0.050132,0.150075,0.108867,0.000819,0.001728,0.044778,-0.7,-0.4,0.8,c00b03b7dfbc,3.11.15,"{""tinyaudit"": ""0.1.0"", ""numpy"": ""1.26.4"", ""pandas"": ""3.0.5"", ""scikit-learn"": ""1.9.0"", ""torch"": ""2.13.0""}"
adult,logreg,race,prune:0.5,1,White,10408,0.212433,0.334563,0.001686,0.00464,0.005354,0.150075,0.108867,0.000819,0.001728,0.044778,-0.7,-0.4,0.8,c00b03b7dfbc,3.11.15,"{""tinyaudit"": ""0.1.0"", ""numpy"": ""1.26.4"", ""pandas"": ""3.0.5"", ""scikit-learn"": ""1.9.0"", ""torch"": ""2.13.0""}"
adult,logreg,race,prune:0.9,1,Amer-Indian-Eskimo,123,0.073171,0.293186,0.001241,0.00352,0.046687,0.093203,0.105396,0.000795,0.00178,0.024209,0.1,0.2,0.8,f017fdbc0b00,3.11.15,"{""tinyaudit"": ""0.1.0"", ""numpy"": ""1.26.4"", ""pandas"": ""3.0.5"", ""scikit-learn"": ""1.9.0"", ""torch"": ""2.13.0""}"
adult,logreg,race,prune:0.9,1,Asian-Pac-Islander,378,0.148148,0.341941,0.001702,0.004325,0.024969,0.093203,0.105396,0.000795,0.00178,0.024209,0.1,0.2,0.8,f017fdbc0b00,3.11.15,"{""tinyaudit"": ""0.1.0"", ""numpy"": ""1.26.4"", ""pandas"": ""3.0.5"", ""scikit-learn"": ""1.9.0"", ""torch"": ""2.13.0""}"
adult,logreg,race,prune:0.9,1,Black,1211,0.056978,0.246026,0.001006,0.002969,0.024313,0.093203,0.105396,0.000795,0.00178,0.024209,0.1,0.2,0.8,f017fdbc0b00,3.11.15,"{""tinyaudit"": ""0.1.0"", ""numpy"": ""1.26.4"", ""pandas"": ""3.0.5"", ""scikit-learn"": ""1.9.0"", ""torch"": ""2.13.0""}"
adult,logreg,race,prune:0.9,1,Other,91,0.054945,0.282162,0.001218,0.003547,0.048521,0.093203,0.105396,0.000795,0.00178,0.024209,0.1,0.2,0.8,f017fdbc0b00,3.11.15,"{""tinyaudit"": ""0.1.0"", ""numpy"": ""1.26.4"", ""pandas"": ""3.0.5"", ""scikit-learn"": ""1.9.0"", ""torch"": ""2.13.0""}"
adult,logreg,race,prune:0.9,1,White,10408,0.141334,0.351421,0.0018,0.004749,0.027474,0.093203,0.105396,0.000795,0.00178,0.024209,0.1,0.2,0.8,f017fdbc0b00,3.11.15,"{""tinyaudit"": ""0.1.0"", ""numpy"": ""1.26.4"", ""pandas"": ""3.0.5"", ""scikit-learn"": ""1.9.0"", ""torch"": ""2.13.0""}"
adult,logreg,sex,none,2,Female,3969,0.082137,0.218067,0.000497,0.001729,0.013578,0.165255,0.156394,0.000595,0.001283,0.000267,nan,nan,nan,53c2f826617b,3.11.15,"{""tinyaudit"": ""0.1.0"", ""numpy"": ""1.26.4"", ""pandas"": ""3.0.5"", ""scikit-learn"": ""1.9.0"", ""torch"": ""2.13.0""}"
adult,logreg,sex,none,2,Male,8242,0.247391,0.374461,0.001092,0.003013,0.013844,0.165255,0.156394,0.000595,0.001283,0.000267,nan,nan,nan,53c2f826617b,3.11.15,"{""tinyaudit"": ""0.1.0"", ""numpy"": ""1.26.4"", ""pandas"": ""3.0.5"", ""scikit-learn"": ""1.9.0"", ""torch"": ""2.13.0""}"
adult,logreg,sex,prune:0.5,2,Female,3969,0.082137,0.220059,0.000497,0.001745,0.015579,0.157854,0.15354,0.000586,0.001254,0.002158,nan,nan,nan,089004680288,3.11.15,"{""tinyaudit"": ""0.1.0"", ""numpy"": ""1.26.4"", ""pandas"": ""3.0.5"", ""scikit-learn"": ""1.9.0"", ""torch"": ""2.13.0""}"
adult,logreg,sex,prune:0.5,2,Male,8242,0.23999,0.373599,0.001083,0.002999,0.013421,0.157854,0.15354,0.000586,0.001254,0.002158,nan,nan,nan,089004680288,3.11.15,"{""tinyaudit"": ""0.1.0"", ""numpy"": ""1.26.4"", ""pandas"": ""3.0.5"", ""scikit-learn"": ""1.9.0"", ""torch"": ""2.13.0""}"
adult,logreg,sex,prune:0.9,2,Female,3969,0.037793,0.21454,0.000504,0.001797,0.015937,0.108288,0.188079,0.000606,0.001201,0.022099,nan,nan,nan,2dc8a489a0c1,3.11.15,"{""tinyaudit"": ""0.1.0"", ""numpy"": ""1.26.4"", ""pandas"": ""3.0.5"", ""scikit-learn"": ""1.9.0"", ""torch"": ""2.13.0""}"
adult,logreg,sex,prune:0.9,2,Male,8242,0.146081,0.402619,0.00111,0.002997,0.038037,0.108288,0.188079,0.000606,0.001201,0.022099,nan,nan,nan,2dc8a489a0c1,3.11.15,"{""tinyaudit"": ""0.1.0"", ""numpy"": ""1.26.4"", ""pandas"": ""3.0.5"", ""scikit-learn"": ""1.9.0"", ""torch"": ""2.13.0""}"
adult,logreg,race,none,2,Amer-Indian-Eskimo,112,0.044643,0.27096,0.000602,0.001791,0.055142,0.216468,0.111799,0.000638,0.001375,0.055702,-0.4,-0.1,0.6,cfdf4fa27aab,3.11.15,"{""tinyaudit"": ""0.1.0"", ""numpy"": ""1.26.4"", ""pandas"": ""3.0.5"", ""scikit-learn"": ""1.9.0"", ""torch"": ""2.13.0""}"
adult,logreg,race,none,2,Asian-Pac-Islander,360,0.261111,0.313076,0.001072,0.002884,0.019765,0.216468,0.111799,0.000638,0.001375,0.055702,-0.4,-0.1,0.6,cfdf4fa27aab,3.11.15,"{""tinyaudit"": ""0.1.0"", ""numpy"": ""1.26.4"", ""pandas"": ""3.0.5"", ""scikit-learn"": ""1.9.0"", ""torch"": ""2.13.0""}"
adult,logreg,race,none,2,Black,1198,0.09015,0.22486,0.000433,0.001509,0.017358,0.216468,0.111799,0.000638,0.001375,0.055702,-0.4,-0.1,0.6,cfdf4fa27aab,3.11.15,"{""tinyaudit"": ""0.1.0"", ""numpy"": ""1.26.4"", ""pandas"": ""3.0.5"", ""scikit-learn"": ""1.9.0"", ""torch"": ""2.13.0""}"
adult,logreg,race,none,2,Other,99,0.131313,0.242235,0.000785,0.002369,0.065676,0.216468,0.111799,0.000638,0.001375,0.055702,-0.4,-0.1,0.6,cfdf4fa27aab,3.11.15,"{""tinyaudit"": ""0.1.0"", ""numpy"": ""1.26.4"", ""pandas"": ""3.0.5"", ""scikit-learn"": ""1.9.0"", ""torch"": ""2.13.0""}"
adult,logreg,race,none,2,White,10442,0.20542,0.336659,0.00095,0.002721,0.009974,0.216468,0.111799,0.000638,0.001375,0.055702,-0.4,-0.1,0.6,cfdf4fa27aab,3.11.15,"{""tinyaudit"": ""0.1.0"", ""numpy"": ""1.26.4"", ""pandas"": ""3.0.5"", ""scikit-learn"": ""1.9.0"", ""torch"": ""2.13.0""}"
adult,logreg,race,prune:0.5,2,Amer-Indian-Eskimo,112,0.044643,0.27331,0.000601,0.0018,0.05461,0.194246,0.108846,0.000649,0.001338,0.055713,-0.4,-0.1,0.6,1e302622f90c,3.11.15,"{""tinyaudit"": ""0.1.0"", ""numpy"": ""1.26.4"", ""pandas"": ""3.0.5"", ""scikit-learn"": ""1.9.0"", ""torch"": ""2.13.0""}"
adult,logreg,race,prune:0.5,2,Asian-Pac-Islander,360,0.238889,0.313025,0.001083,0.002863,0.031105,0.194246,0.108846,0.000649,0.001338,0.055713,-0.4,-0.1,0.6,1e302622f90c,3.11.15,"{""tinyaudit"": ""0.1.0"", ""numpy"": ""1.26.4"", ""pandas"": ""3.0.5"", ""scikit-learn"": ""1.9.0"", ""torch"": ""2.13.0""}"
adult,logreg,race,prune:0.5,2,Black,1198,0.089316,0.227498,0.000434,0.001525,0.015541,0.194246,0.108846,0.000649,0.001338,0.055713,-0.4,-0.1,0.6,1e302622f90c,3.11.15,"{""tinyaudit"": ""0.1.0"", ""numpy"": ""1.26.4"", ""pandas"": ""3.0.5"", ""scikit-learn"": ""1.9.0"", ""torch"": ""2.13.0""}"
adult,logreg,race,prune:0.5,2,Other,99,0.131313,0.249133,0.000782,0.002371,0.063898,0.194246,0.108846,0.000649,0.001338,0.055713,-0.4,-0.1,0.6,1e302622f90c,3.11.15,"{""tinyaudit"": ""0.1.0"", ""numpy"": ""1.26.4"", ""pandas"": ""3.0.5"", ""scikit-learn"": ""1.9.0"", ""torch"": ""2.13.0""}"
adult,logreg,race,prune:0.5,2,White,10442,0.200441,0.336344,0.000943,0.002715,0.008186,0.194246,0.108846,0.000649,0.001338,0.055713,-0.4,-0.1,0.6,1e302622f90c,3.11.15,"{""tinyaudit"": ""0.1.0"", ""numpy"": ""1.26.4"", ""pandas"": ""3.0.5"", ""scikit-learn"": ""1.9.0"", ""torch"": ""2.13.0""}"
adult,logreg,race,prune:0.9,2,Amer-Indian-Eskimo,112,0.017857,0.28323,0.00045,0.001481,0.043266,0.121032,0.106843,0.000626,0.001455,0.022169,0.1,-0.1,0.8,e121af25d459,3.11.15,"{""tinyaudit"": ""0.1.0"", ""numpy"": ""1.26.4"", ""pandas"": ""3.0.5"", ""scikit-learn"": ""1.9.0"", ""torch"": ""2.13.0""}"
adult,logreg,race,prune:0.9,2,Asian-Pac-Islander,360,0.138889,0.335233,0.001076,0.002937,0.042868,0.121032,0.106843,0.000626,0.001455,0.022169,0.1,-0.1,0.8,e121af25d459,3.11.15,"{""tinyaudit"": ""0.1.0"", ""numpy"": ""1.26.4"", ""pandas"": ""3.0.5"", ""scikit-learn"": ""1.9.0"", ""torch"": ""2.13.0""}"
adult,logreg,race,prune:0.9,2,Black,1198,0.053422,0.24672,0.000478,0.001619,0.023644,0.121032,0.106843,0.000626,0.001455,0.022169,0.1,-0.1,0.8,e121af25d459,3.11.15,"{""tinyaudit"": ""0.1.0"", ""numpy"": ""1.26.4"", ""pandas"": ""3.0.5"", ""scikit-learn"": ""1.9.0"", ""torch"": ""2.13.0""}"
adult,logreg,race,prune:0.9,2,Other,99,0.10101,0.303116,0.000842,0.002406,0.045813,0.121032,0.106843,0.000626,0.001455,0.022169,0.1,-0.1,0.8,e121af25d459,3.11.15,"{""tinyaudit"": ""0.1.0"", ""numpy"": ""1.26.4"", ""pandas"": ""3.0.5"", ""scikit-learn"": ""1.9.0"", ""torch"": ""2.13.0""}"
adult,logreg,race,prune:0.9,2,White,10442,0.117602,0.353563,0.000963,0.002723,0.033284,0.121032,0.106843,0.000626,0.001455,0.022169,0.1,-0.1,0.8,e121af25d459,3.11.15,"{""tinyaudit"": ""0.1.0"", ""numpy"": ""1.26.4"", ""pandas"": ""3.0.5"", ""scikit-learn"": ""1.9.0"", ""torch"": ""2.13.0""}"
adult,mlp,sex,none,0,Female,4064,0.086368,0.188693,0.013823,0.044547,0.013674,0.198399,0.159755,0.009252,0.019925,0.023612,nan,nan,nan,7f3bab180562,3.11.15,"{""tinyaudit"": ""0.1.0"", ""numpy"": ""1.26.4"", ""pandas"": ""3.0.5"", ""scikit-learn"": ""1.9.0"", ""torch"": ""2.13.0""}"
adult,mlp,sex,none,0,Male,8147,0.284767,0.348447,0.023075,0.064472,0.037286,0.198399,0.159755,0.009252,0.019925,0.023612,nan,nan,nan,7f3bab180562,3.11.15,"{""tinyaudit"": ""0.1.0"", ""numpy"": ""1.26.4"", ""pandas"": ""3.0.5"", ""scikit-learn"": ""1.9.0"", ""torch"": ""2.13.0""}"
adult,mlp,sex,prune:0.5,0,Female,4064,0.356545,0.380666,0.024546,0.068789,0.136313,0.228578,0.003897,0.005756,0.016089,0.061836,nan,nan,nan,dfc23b8aeee0,3.11.15,"{""tinyaudit"": ""0.1.0"", ""numpy"": ""1.26.4"", ""pandas"": ""3.0.5"", ""scikit-learn"": ""1.9.0"", ""torch"": ""2.13.0""}"
adult,mlp,sex,prune:0.5,0,Male,8147,0.585123,0.384563,0.01879,0.0527,0.198149,0.228578,0.003897,0.005756,0.016089,0.061836,nan,nan,nan,dfc23b8aeee0,3.11.15,"{""tinyaudit"": ""0.1.0"", ""numpy"": ""1.26.4"", ""pandas"": ""3.0.5"", ""scikit-learn"": ""1.9.0"", ""torch"": ""2.13.0""}"
adult,mlp,sex,prune:0.9,0,Female,4064,1.0,0.680551,0.00047,0.001344,0.41271,0.0,0.003582,0.00022,0.000488,0.184827,nan,nan,nan,a5d457c748b3,3.11.15,"{""tinyaudit"": ""0.1.0"", ""numpy"": ""1.26.4"", ""pandas"": ""3.0.5"", ""scikit-learn"": ""1.9.0"", ""torch"": ""2.13.0""}"
adult,mlp,sex,prune:0.9,0,Male,8147,1.0,0.676968,0.00069,0.001831,0.227883,0.0,0.003582,0.00022,0.000488,0.184827,nan,nan,nan,a5d457c748b3,3.11.15,"{""tinyaudit"": ""0.1.0"", ""numpy"": ""1.26.4"", ""pandas"": ""3.0.5"", ""scikit-learn"": ""1.9.0"", ""torch"": ""2.13.0""}"
adult,mlp,race,none,0,Amer-Indian-Eskimo,113,0.168142,0.282884,0.02034,0.057861,0.035501,0.145993,0.118234,0.024113,0.067664,0.069314,0.0,0.7,0.8,2507921feeca,3.11.15,"{""tinyaudit"": ""0.1.0"", ""numpy"": ""1.26.4"", ""pandas"": ""3.0.5"", ""scikit-learn"": ""1.9.0"", ""torch"": ""2.13.0""}"
adult,mlp,race,none,0,Asian-Pac-Islander,371,0.250674,0.292347,0.040065,0.116528,0.084482,0.145993,0.118234,0.024113,0.067664,0.069314,0.0,0.7,0.8,2507921feeca,3.11.15,"{""tinyaudit"": ""0.1.0"", ""numpy"": ""1.26.4"", ""pandas"": ""3.0.5"", ""scikit-learn"": ""1.9.0"", ""torch"": ""2.13.0""}"
adult,mlp,race,none,0,Black,1175,0.104681,0.20916,0.015951,0.048863,0.015168,0.145993,0.118234,0.024113,0.067664,0.069314,0.0,0.7,0.8,2507921feeca,3.11.15,"{""tinyaudit"": ""0.1.0"", ""numpy"": ""1.26.4"", ""pandas"": ""3.0.5"", ""scikit-learn"": ""1.9.0"", ""torch"": ""2.13.0""}"
adult,mlp,race,none,0,Other,103,0.116505,0.188024,0.018134,0.054495,0.059094,0.145993,0.118234,0.024113,0.067664,0.069314,0.0,0.7,0.8,2507921feeca,3.11.15,"{""tinyaudit"": ""0.1.0"", ""numpy"": ""1.26.4"", ""pandas"": ""3.0.5"", ""scikit-learn"": ""1.9.0"", ""torch"": ""2.13.0""}"
adult,mlp,race,none,0,White,10449,0.231984,0.306258,0.019753,0.056799,0.027141,0.145993,0.118234,0.024113,0.067664,0.069314,0.0,0.7,0.8,2507921feeca,3.11.15,"{""tinyaudit"": ""0.1.0"", ""numpy"": ""1.26.4"", ""pandas"": ""3.0.5"", ""scikit-learn"": ""1.9.0"", ""torch"": ""2.13.0""}"
adult,mlp,race,prune:0.5,0,Amer-Indian-Eskimo,113,0.415929,0.378489,0.018918,0.053441,0.159105,0.17599,0.100864,0.016768,0.049226,0.077522,-0.9,0.9,0.7,db612dab7761,3.11.15,"{""tinyaudit"": ""0.1.0"", ""numpy"": ""1.26.4"", ""pandas"": ""3.0.5"", ""scikit-learn"": ""1.9.0"", ""torch"": ""2.13.0""}"
adult,mlp,race,prune:0.5,0,Asian-Pac-Islander,371,0.436658,0.351905,0.035686,0.102667,0.193322,0.17599,0.100864,0.016768,0.049226,0.077522,-0.9,0.9,0.7,db612dab7761,3.11.15,"{""tinyaudit"": ""0.1.0"", ""numpy"": ""1.26.4"", ""pandas"": ""3.0.5"", ""scikit-learn"": ""1.9.0"", ""torch"": ""2.13.0""}"
adult,mlp,race,prune:0.5,0,Black,1175,0.408511,0.369399,0.025108,0.071581,0.17796,0.17599,0.100864,0.016768,0.049226,0.077522,-0.9,0.9,0.7,db612dab7761,3.11.15,"{""tinyaudit"": ""0.1.0"", ""numpy"": ""1.26.4"", ""pandas"": ""3.0.5"", ""scikit-learn"": ""1.9.0"", ""torch"": ""2.13.0""}"
adult,mlp,race,prune:0.5,0,Other,103,0.349515,0.286085,0.025728,0.075166,0.236627,0.17599,0.100864,0.016768,0.049226,0.077522,-0.9,0.9,0.7,db612dab7761,3.11.15,"{""tinyaudit"": ""0.1.0"", ""numpy"": ""1.26.4"", ""pandas"": ""3.0.5"", ""scikit-learn"": ""1.9.0"", ""torch"": ""2.13.0""}"
adult,mlp,race,prune:0.5,0,White,10449,0.525505,0.386948,0.019649,0.054831,0.176627,0.17599,0.100864,0.016768,0.049226,0.077522,-0.9,0.9,0.7,db612dab7761,3.11.15,"{""tinyaudit"": ""0.1.0"", ""numpy"": ""1.26.4"", ""pandas"": ""3.0.5"", ""scikit-learn"": ""1.9.0"", ""torch"": ""2.13.0""}"
adult,mlp,race,prune:0.9,0,Amer-Indian-Eskimo,113,1.0,0.658246,0.000783,0.002403,0.431002,0.0,0.043381,0.00061,0.002174,0.159466,-0.4,0.2,nan,aa73db5e6b52,3.11.15,"{""tinyaudit"": ""0.1.0"", ""numpy"": ""1.26.4"", ""pandas"": ""3.0.5"", ""scikit-learn"": ""1.9.0"", ""torch"": ""2.13.0""}"
adult,mlp,race,prune:0.9,0,Asian-Pac-Islander,371,1.0,0.637019,0.000929,0.003379,0.292982,0.0,0.043381,0.00061,0.002174,0.159466,-0.4,0.2,nan,aa73db5e6b52,3.11.15,"{""tinyaudit"": ""0.1.0"", ""numpy"": ""1.26.4"", ""pandas"": ""3.0.5"", ""scikit-learn"": ""1.9.0"", ""torch"": ""2.13.0""}"
adult,mlp,race,prune:0.9,0,Black,1175,1.0,0.673287,0.00068,0.001931,0.424863,0.0,0.043381,0.00061,0.002174,0.159466,-0.4,0.2,nan,aa73db5e6b52,3.11.15,"{""tinyaudit"": ""0.1.0"", ""numpy"": ""1.26.4"", ""pandas"": ""3.0.5"", ""scikit-learn"": ""1.9.0"", ""torch"": ""2.13.0""}"
adult,mlp,race,prune:0.9,0,Other,103,1.0,0.676654,0.001201,0.003725,0.388417,0.0,0.043381,0.00061,0.002174,0.159466,-0.4,0.2,nan,aa73db5e6b52,3.11.15,"{""tinyaudit"": ""0.1.0"", ""numpy"": ""1.26.4"", ""pandas"": ""3.0.5"", ""scikit-learn"": ""1.9.0"", ""torch"": ""2.13.0""}"
adult,mlp,race,prune:0.9,0,White,10449,1.0,0.6804,0.000591,0.001551,0.271536,0.0,0.043381,0.00061,0.002174,0.159466,-0.4,0.2,nan,aa73db5e6b52,3.11.15,"{""tinyaudit"": ""0.1.0"", ""numpy"": ""1.26.4"", ""pandas"": ""3.0.5"", ""scikit-learn"": ""1.9.0"", ""torch"": ""2.13.0""}"
adult,mlp,sex,none,1,Female,4072,0.101179,0.145424,0.010631,0.032154,0.022988,0.18866,0.159873,0.007353,0.018458,0.0251,nan,nan,nan,aab365735629,3.11.15,"{""tinyaudit"": ""0.1.0"", ""numpy"": ""1.26.4"", ""pandas"": ""3.0.5"", ""scikit-learn"": ""1.9.0"", ""torch"": ""2.13.0""}"
adult,mlp,sex,none,1,Male,8139,0.289839,0.305297,0.017984,0.050613,0.048088,0.18866,0.159873,0.007353,0.018458,0.0251,nan,nan,nan,aab365735629,3.11.15,"{""tinyaudit"": ""0.1.0"", ""numpy"": ""1.26.4"", ""pandas"": ""3.0.5"", ""scikit-learn"": ""1.9.0"", ""torch"": ""2.13.0""}"
adult,mlp,sex,prune:0.5,1,Female,4072,0.334971,0.329155,0.020934,0.060085,0.096101,0.1286,0.065001,0.001396,0.005257,0.028678,nan,nan,nan,8a5df36d2316,3.11.15,"{""tinyaudit"": ""0.1.0"", ""numpy"": ""1.26.4"", ""pandas"": ""3.0.5"", ""scikit-learn"": ""1.9.0"", ""torch"": ""2.13.0""}"
adult,mlp,sex,prune:0.5,1,Male,8139,0.46357,0.394156,0.019538,0.054828,0.124779,0.1286,0.065001,0.001396,0.005257,0.028678,nan,nan,nan,8a5df36d2316,3.11.15,"{""tinyaudit"": ""0.1.0"", ""numpy"": ""1.26.4"", ""pandas"": ""3.0.5"", ""scikit-learn"": ""1.9.0"", ""torch"": ""2.13.0""}"
adult,mlp,sex,prune:0.9,1,Female,4072,0.796906,0.598634,0.003906,0.00957,0.382227,0.059588,0.016882,0.001283,0.00319,0.092184,nan,nan,nan,0b1df5f31134,3.11.15,"{""tinyaudit"": ""0.1.0"", ""numpy"": ""1.26.4"", ""pandas"": ""3.0.5"", ""scikit-learn"": ""1.9.0"", ""torch"": ""2.13.0""}"
adult,mlp,sex,prune:0.9,1,Male,8139,0.856493,0.615516,0.002623,0.00638,0.290043,0.059588,0.016882,0.001283,0.00319,0.092184,nan,nan,nan,0b1df5f31134,3.11.15,"{""tinyaudit"": ""0.1.0"", ""numpy"": ""1.26.4"", ""pandas"": ""3.0.5"", ""scikit-learn"": ""1.9.0"", ""torch"": ""2.13.0""}"
adult,mlp,race,none,1,Amer-Indian-Eskimo,123,0.146341,0.179937,0.009496,0.028112,0.070214,0.159525,0.110391,0.025363,0.073142,0.068525,0.6,0.3,0.8,512bd853271c,3.11.15,"{""tinyaudit"": ""0.1.0"", ""numpy"": ""1.26.4"", ""pandas"": ""3.0.5"", ""scikit-learn"": ""1.9.0"", ""torch"": ""2.13.0""}"
adult,mlp,race,none,1,Asian-Pac-Islander,378,0.275132,0.255179,0.034859,0.101254,0.10332,0.159525,0.110391,0.025363,0.073142,0.068525,0.6,0.3,0.8,512bd853271c,3.11.15,"{""tinyaudit"": ""0.1.0"", ""numpy"": ""1.26.4"", ""pandas"": ""3.0.5"", ""scikit-learn"": ""1.9.0"", ""torch"": ""2.13.0""}"
adult,mlp,race,none,1,Black,1211,0.115607,0.158418,0.009585,0.028537,0.034795,0.159525,0.110391,0.025363,0.073142,0.068525,0.6,0.3,0.8,512bd853271c,3.11.15,"{""tinyaudit"": ""0.1.0"", ""numpy"": ""1.26.4"", ""pandas"": ""3.0.5"", ""scikit-learn"": ""1.9.0"", ""torch"": ""2.13.0""}"
adult,mlp,race,none,1,Other,91,0.120879,0.154072,0.014975,0.048242,0.036968,0.159525,0.110391,0.025363,0.073142,0.068525,0.6,0.3,0.8,512bd853271c,3.11.15,"{""tinyaudit"": ""0.1.0"", ""numpy"": ""1.26.4"", ""pandas"": ""3.0.5"", ""scikit-learn"": ""1.9.0"", ""torch"": ""2.13.0""}"
adult,mlp,race,none,1,White,10408,0.240008,0.264462,0.015598,0.044407,0.038595,0.159525,0.110391,0.025363,0.073142,0.068525,0.6,0.3,0.8,512bd853271c,3.11.15,"{""tinyaudit"": ""0.1.0"", ""numpy"": ""1.26.4"", ""pandas"": ""3.0.5"", ""scikit-learn"": ""1.9.0"", ""torch"": ""2.13.0""}"
adult,mlp,race,prune:0.5,1,Amer-Indian-Eskimo,123,0.333333,0.334527,0.01795,0.053263,0.1216,0.169312,0.063145,0.016755,0.04657,0.19298,0.6,0.1,0.1,04d515d0d139,3.11.15,"{""tinyaudit"": ""0.1.0"", ""numpy"": ""1.26.4"", ""pandas"": ""3.0.5"", ""scikit-learn"": ""1.9.0"", ""torch"": ""2.13.0""}"
adult,mlp,race,prune:0.5,1,Asian-Pac-Islander,378,0.502646,0.333338,0.034705,0.099833,0.273423,0.169312,0.063145,0.016755,0.04657,0.19298,0.6,0.1,0.1,04d515d0d139,3.11.15,"{""tinyaudit"": ""0.1.0"", ""numpy"": ""1.26.4"", ""pandas"": ""3.0.5"", ""scikit-learn"": ""1.9.0"", ""torch"": ""2.13.0""}"
adult,mlp,race,prune:0.5,1,Black,1211,0.338563,0.322958,0.018868,0.054509,0.098514,0.169312,0.063145,0.016755,0.04657,0.19298,0.6,0.1,0.1,04d515d0d139,3.11.15,"{""tinyaudit"": ""0.1.0"", ""numpy"": ""1.26.4"", ""pandas"": ""3.0.5"", ""scikit-learn"": ""1.9.0"", ""torch"": ""2.13.0""}"
adult,mlp,race,prune:0.5,1,Other,91,0.362637,0.317448,0.030064,0.08739,0.080442,0.169312,0.063145,0.016755,0.04657,0.19298,0.6,0.1,0.1,04d515d0d139,3.11.15,"{""tinyaudit"": ""0.1.0"", ""numpy"": ""1.26.4"", ""pandas"": ""3.0.5"", ""scikit-learn"": ""1.9.0"", ""torch"": ""2.13.0""}"
adult,mlp,race,prune:0.5,1,White,10408,0.428805,0.380593,0.019538,0.055021,0.111945,0.169312,0.063145,0.016755,0.04657,0.19298,0.6,0.1,0.1,04d515d0d139,3.11.15,"{""tinyaudit"": ""0.1.0"", ""numpy"": ""1.26.4"", ""pandas"": ""3.0.5"", ""scikit-learn"": ""1.9.0"", ""torch"": ""2.13.0""}"
adult,mlp,race,prune:0.9,1,Amer-Indian-Eskimo,123,0.869919,0.624865,0.003257,0.00793,0.452953,0.114367,0.022627,0.000905,0.002479,0.141786,0.2,0.3,0.8,82b80e9444b5,3.11.15,"{""tinyaudit"": ""0.1.0"", ""numpy"": ""1.26.4"", ""pandas"": ""3.0.5"", ""scikit-learn"": ""1.9.0"", ""torch"": ""2.13.0""}"
adult,mlp,race,prune:0.9,1,Asian-Pac-Islander,378,0.883598,0.620384,0.002764,0.006556,0.337712,0.114367,0.022627,0.000905,0.002479,0.141786,0.2,0.3,0.8,82b80e9444b5,3.11.15,"{""tinyaudit"": ""0.1.0"", ""numpy"": ""1.26.4"", ""pandas"": ""3.0.5"", ""scikit-learn"": ""1.9.0"", ""torch"": ""2.13.0""}"
adult,mlp,race,prune:0.9,1,Black,1211,0.798514,0.602238,0.003654,0.009035,0.366131,0.114367,0.022627,0.000905,0.002479,0.141786,0.2,0.3,0.8,82b80e9444b5,3.11.15,"{""tinyaudit"": ""0.1.0"", ""numpy"": ""1.26.4"", ""pandas"": ""3.0.5"", ""scikit-learn"": ""1.9.0"", ""torch"": ""2.13.0""}"
adult,mlp,race,prune:0.9,1,Other,91,0.769231,0.602973,0.00275,0.006662,0.409208,0.114367,0.022627,0.000905,0.002479,0.141786,0.2,0.3,0.8,82b80e9444b5,3.11.15,"{""tinyaudit"": ""0.1.0"", ""numpy"": ""1.26.4"", ""pandas"": ""3.0.5"", ""scikit-learn"": ""1.9.0"", ""torch"": ""2.13.0""}"
adult,mlp,race,prune:0.9,1,White,10408,0.839547,0.610278,0.002991,0.007292,0.311167,0.114367,0.022627,0.000905,0.002479,0.141786,0.2,0.3,0.8,82b80e9444b5,3.11.15,"{""tinyaudit"": ""0.1.0"", ""numpy"": ""1.26.4"", ""pandas"": ""3.0.5"", ""scikit-learn"": ""1.9.0"", ""torch"": ""2.13.0""}"
adult,mlp,sex,none,2,Female,3969,0.095742,0.200131,0.018124,0.055954,0.007461,0.155532,0.148263,0.004339,0.00665,0.027248,nan,nan,nan,fc6f88f8f454,3.11.15,"{""tinyaudit"": ""0.1.0"", ""numpy"": ""1.26.4"", ""pandas"": ""3.0.5"", ""scikit-learn"": ""1.9.0"", ""torch"": ""2.13.0""}"
adult,mlp,sex,none,2,Male,8242,0.251274,0.348394,0.022462,0.062604,0.034709,0.155532,0.148263,0.004339,0.00665,0.027248,nan,nan,nan,fc6f88f8f454,3.11.15,"{""tinyaudit"": ""0.1.0"", ""numpy"": ""1.26.4"", ""pandas"": ""3.0.5"", ""scikit-learn"": ""1.9.0"", ""torch"": ""2.13.0""}"
adult,mlp,sex,prune:0.5,2,Female,3969,0.68002,0.295101,0.019267,0.057472,0.475283,0.067129,0.040184,0.003619,0.011646,0.104136,nan,nan,nan,4b5169c61c68,3.11.15,"{""tinyaudit"": ""0.1.0"", ""numpy"": ""1.26.4"", ""pandas"": ""3.0.5"", ""scikit-learn"": ""1.9.0"", ""torch"": ""2.13.0""}"
adult,mlp,sex,prune:0.5,2,Male,8242,0.747149,0.335284,0.015648,0.045826,0.371147,0.067129,0.040184,0.003619,0.011646,0.104136,nan,nan,nan,4b5169c61c68,3.11.15,"{""tinyaudit"": ""0.1.0"", ""numpy"": ""1.26.4"", ""pandas"": ""3.0.5"", ""scikit-learn"": ""1.9.0"", ""torch"": ""2.13.0""}"
adult,mlp,sex,prune:0.9,2,Female,3969,1.0,0.667419,0.00046,0.001014,0.503691,0.0,6.6e-05,1.1e-05,2.8e-05,0.19408,nan,nan,nan,ad5047d5900a,3.11.15,"{""tinyaudit"": ""0.1.0"", ""numpy"": ""1.26.4"", ""pandas"": ""3.0.5"", ""scikit-learn"": ""1.9.0"", ""torch"": ""2.13.0""}"
adult,mlp,sex,prune:0.9,2,Male,8242,1.0,0.667353,0.000471,0.001041,0.309611,0.0,6.6e-05,1.1e-05,2.8e-05,0.19408,nan,nan,nan,ad5047d5900a,3.11.15,"{""tinyaudit"": ""0.1.0"", ""numpy"": ""1.26.4"", ""pandas"": ""3.0.5"", ""scikit-learn"": ""1.9.0"", ""torch"": ""2.13.0""}"
adult,mlp,race,none,2,Amer-Indian-Eskimo,112,0.0625,0.249713,0.016011,0.047561,0.046023,0.173611,0.110483,0.020728,0.062407,0.09084,0.3,0.7,0.6,cb3b62f0ecff,3.11.15,"{""tinyaudit"": ""0.1.0"", ""numpy"": ""1.26.4"", ""pandas"": ""3.0.5"", ""scikit-learn"": ""1.9.0"", ""torch"": ""2.13.0""}"
adult,mlp,race,none,2,Asian-Pac-Islander,360,0.236111,0.275633,0.036739,0.109968,0.101158,0.173611,0.110483,0.020728,0.062407,0.09084,0.3,0.7,0.6,cb3b62f0ecff,3.11.15,"{""tinyaudit"": ""0.1.0"", ""numpy"": ""1.26.4"", ""pandas"": ""3.0.5"", ""scikit-learn"": ""1.9.0"", ""torch"": ""2.13.0""}"
adult,mlp,race,none,2,Black,1198,0.095159,0.203145,0.016082,0.048191,0.010318,0.173611,0.110483,0.020728,0.062407,0.09084,0.3,0.7,0.6,cb3b62f0ecff,3.11.15,"{""tinyaudit"": ""0.1.0"", ""numpy"": ""1.26.4"", ""pandas"": ""3.0.5"", ""scikit-learn"": ""1.9.0"", ""torch"": ""2.13.0""}"
adult,mlp,race,none,2,Other,99,0.181818,0.205167,0.021659,0.068042,0.080709,0.173611,0.110483,0.020728,0.062407,0.09084,0.3,0.7,0.6,cb3b62f0ecff,3.11.15,"{""tinyaudit"": ""0.1.0"", ""numpy"": ""1.26.4"", ""pandas"": ""3.0.5"", ""scikit-learn"": ""1.9.0"", ""torch"": ""2.13.0""}"
adult,mlp,race,none,2,White,10442,0.213273,0.313628,0.02113,0.060207,0.022894,0.173611,0.110483,0.020728,0.062407,0.09084,0.3,0.7,0.6,cb3b62f0ecff,3.11.15,"{""tinyaudit"": ""0.1.0"", ""numpy"": ""1.26.4"", ""pandas"": ""3.0.5"", ""scikit-learn"": ""1.9.0"", ""torch"": ""2.13.0""}"
adult,mlp,race,prune:0.5,2,Amer-Indian-Eskimo,112,0.732143,0.305434,0.016381,0.049879,0.563035,0.124532,0.044808,0.013702,0.039598,0.159427,-0.6,0.4,-0.3,a33306a9533a,3.11.15,"{""tinyaudit"": ""0.1.0"", ""numpy"": ""1.26.4"", ""pandas"": ""3.0.5"", ""scikit-learn"": ""1.9.0"", ""torch"": ""2.13.0""}"
adult,mlp,race,prune:0.5,2,Asian-Pac-Islander,360,0.738889,0.280649,0.029007,0.084008,0.414646,0.124532,0.044808,0.013702,0.039598,0.159427,-0.6,0.4,-0.3,a33306a9533a,3.11.15,"{""tinyaudit"": ""0.1.0"", ""numpy"": ""1.26.4"", ""pandas"": ""3.0.5"", ""scikit-learn"": ""1.9.0"", ""torch"": ""2.13.0""}"
adult,mlp,race,prune:0.5,2,Black,1198,0.614357,0.310473,0.020843,0.061032,0.404741,0.124532,0.044808,0.013702,0.039598,0.159427,-0.6,0.4,-0.3,a33306a9533a,3.11.15,"{""tinyaudit"": ""0.1.0"", ""numpy"": ""1.26.4"", ""pandas"": ""3.0.5"", ""scikit-learn"": ""1.9.0"", ""torch"": ""2.13.0""}"
adult,mlp,race,prune:0.5,2,Other,99,0.686869,0.293567,0.029529,0.086362,0.432344,0.124532,0.044808,0.013702,0.039598,0.159427,-0.6,0.4,-0.3,a33306a9533a,3.11.15,"{""tinyaudit"": ""0.1.0"", ""numpy"": ""1.26.4"", ""pandas"": ""3.0.5"", ""scikit-learn"": ""1.9.0"", ""torch"": ""2.13.0""}"
adult,mlp,race,prune:0.5,2,White,10442,0.737885,0.325456,0.015827,0.046764,0.403608,0.124532,0.044808,0.013702,0.039598,0.159427,-0.6,0.4,-0.3,a33306a9533a,3.11.15,"{""tinyaudit"": ""0.1.0"", ""numpy"": ""1.26.4"", ""pandas"": ""3.0.5"", ""scikit-learn"": ""1.9.0"", ""torch"": ""2.13.0""}"
adult,mlp,race,prune:0.9,2,Amer-Indian-Eskimo,112,1.0,0.668001,0.000448,0.00094,0.540152,0.0,0.009428,0.000362,0.001389,0.182732,0.4,-0.4,nan,3dccdc0812dc,3.11.15,"{""tinyaudit"": ""0.1.0"", ""numpy"": ""1.26.4"", ""pandas"": ""3.0.5"", ""scikit-learn"": ""1.9.0"", ""torch"": ""2.13.0""}"
adult,mlp,race,prune:0.9,2,Asian-Pac-Islander,360,1.0,0.658573,0.00081,0.002329,0.365442,0.0,0.009428,0.000362,0.001389,0.182732,0.4,-0.4,nan,3dccdc0812dc,3.11.15,"{""tinyaudit"": ""0.1.0"", ""numpy"": ""1.26.4"", ""pandas"": ""3.0.5"", ""scikit-learn"": ""1.9.0"", ""torch"": ""2.13.0""}"
adult,mlp,race,prune:0.9,2,Black,1198,1.0,0.667632,0.000456,0.000992,0.484958,0.0,0.009428,0.000362,0.001389,0.182732,0.4,-0.4,nan,3dccdc0812dc,3.11.15,"{""tinyaudit"": ""0.1.0"", ""numpy"": ""1.26.4"", ""pandas"": ""3.0.5"", ""scikit-learn"": ""1.9.0"", ""torch"": ""2.13.0""}"
adult,mlp,race,prune:0.9,2,Other,99,1.0,0.665695,0.000614,0.001628,0.462156,0.0,0.009428,0.000362,0.001389,0.182732,0.4,-0.4,nan,3dccdc0812dc,3.11.15,"{""tinyaudit"": ""0.1.0"", ""numpy"": ""1.26.4"", ""pandas"": ""3.0.5"", ""scikit-learn"": ""1.9.0"", ""torch"": ""2.13.0""}"
adult,mlp,race,prune:0.9,2,White,10442,1.0,0.667658,0.000456,0.000988,0.35742,0.0,0.009428,0.000362,0.001389,0.182732,0.4,-0.4,nan,3dccdc0812dc,3.11.15,"{""tinyaudit"": ""0.1.0"", ""numpy"": ""1.26.4"", ""pandas"": ""3.0.5"", ""scikit-learn"": ""1.9.0"", ""torch"": ""2.13.0""}"
compas,logreg,sex,none,0,Female,282,0.205674,0.614138,0.000561,0.00149,0.076662,0.163081,0.00669,0.000145,0.000453,0.038814,nan,nan,nan,bb615e5103d2,3.11.15,"{""tinyaudit"": ""0.1.0"", ""numpy"": ""1.26.4"", ""pandas"": ""3.0.5"", ""scikit-learn"": ""1.9.0"", ""torch"": ""2.13.0""}"
compas,logreg,sex,none,0,Male,1261,0.368755,0.607448,0.000706,0.001943,0.037848,0.163081,0.00669,0.000145,0.000453,0.038814,nan,nan,nan,bb615e5103d2,3.11.15,"{""tinyaudit"": ""0.1.0"", ""numpy"": ""1.26.4"", ""pandas"": ""3.0.5"", ""scikit-learn"": ""1.9.0"", ""torch"": ""2.13.0""}"
compas,logreg,sex,prune:0.5,0,Female,282,0.20922,0.617469,0.000586,0.001546,0.088899,0.151605,0.005735,0.000125,0.000417,0.046795,nan,nan,nan,4ea62c3e7c29,3.11.15,"{""tinyaudit"": ""0.1.0"", ""numpy"": ""1.26.4"", ""pandas"": ""3.0.5"", ""scikit-learn"": ""1.9.0"", ""torch"": ""2.13.0""}"
compas,logreg,sex,prune:0.5,0,Male,1261,0.360825,0.611734,0.000711,0.001962,0.042104,0.151605,0.005735,0.000125,0.000417,0.046795,nan,nan,nan,4ea62c3e7c29,3.11.15,"{""tinyaudit"": ""0.1.0"", ""numpy"": ""1.26.4"", ""pandas"": ""3.0.5"", ""scikit-learn"": ""1.9.0"", ""torch"": ""2.13.0""}"
compas,logreg,sex,prune:0.9,0,Female,282,0.0,0.688861,9e-06,1.9e-05,0.113313,0.0,0.0,0.0,0.0,0.08648,nan,nan,nan,51684aa1846d,3.11.15,"{""tinyaudit"": ""0.1.0"", ""numpy"": ""1.26.4"", ""pandas"": ""3.0.5"", ""scikit-learn"": ""1.9.0"", ""torch"": ""2.13.0""}"
compas,logreg,sex,prune:0.9,0,Male,1261,0.0,0.688861,9e-06,1.9e-05,0.026833,0.0,0.0,0.0,0.0,0.08648,nan,nan,nan,51684aa1846d,3.11.15,"{""tinyaudit"": ""0.1.0"", ""numpy"": ""1.26.4"", ""pandas"": ""3.0.5"", ""scikit-learn"": ""1.9.0"", ""torch"": ""2.13.0""}"
compas,logreg,race,none,0,African-American,804,0.452736,0.611761,0.000755,0.00215,0.059099,0.452736,0.045417,0.00046,0.001452,0.36742,0.942857,-0.942857,-0.142857,c14366fbb4b9,3.11.15,"{""tinyaudit"": ""0.1.0"", ""numpy"": ""1.26.4"", ""pandas"": ""3.0.5"", ""scikit-learn"": ""1.9.0"", ""torch"": ""2.13.0""}"
compas,logreg,race,none,0,Asian,5,0.0,0.645168,0.000429,0.000937,0.142911,0.452736,0.045417,0.00046,0.001452,0.36742,0.942857,-0.942857,-0.142857,c14366fbb4b9,3.11.15,"{""tinyaudit"": ""0.1.0"", ""numpy"": ""1.26.4"", ""pandas"": ""3.0.5"", ""scikit-learn"": ""1.9.0"", ""torch"": ""2.13.0""}"
compas,logreg,race,none,0,Caucasian,516,0.232558,0.601848,0.000602,0.001557,0.025531,0.452736,0.045417,0.00046,0.001452,0.36742,0.942857,-0.942857,-0.142857,c14366fbb4b9,3.11.15,"{""tinyaudit"": ""0.1.0"", ""numpy"": ""1.26.4"", ""pandas"": ""3.0.5"", ""scikit-learn"": ""1.9.0"", ""torch"": ""2.13.0""}"
compas,logreg,race,none,0,Hispanic,127,0.181102,0.605384,0.000584,0.001551,0.061097,0.452736,0.045417,0.00046,0.001452,0.36742,0.942857,-0.942857,-0.142857,c14366fbb4b9,3.11.15,"{""tinyaudit"": ""0.1.0"", ""numpy"": ""1.26.4"", ""pandas"": ""3.0.5"", ""scikit-learn"": ""1.9.0"", ""torch"": ""2.13.0""}"
compas,logreg,race,none,0,Native American,3,0.333333,0.647265,0.000294,0.000697,0.392951,0.452736,0.045417,0.00046,0.001452,0.36742,0.942857,-0.942857,-0.142857,c14366fbb4b9,3.11.15,"{""tinyaudit"": ""0.1.0"", ""numpy"": ""1.26.4"", ""pandas"": ""3.0.5"", ""scikit-learn"": ""1.9.0"", ""torch"": ""2.13.0""}"
compas,logreg,race,none,0,Other,88,0.170455,0.621796,0.000608,0.001524,0.084583,0.452736,0.045417,0.00046,0.001452,0.36742,0.942857,-0.942857,-0.142857,c14366fbb4b9,3.11.15,"{""tinyaudit"": ""0.1.0"", ""numpy"": ""1.26.4"", ""pandas"": ""3.0.5"", ""scikit-learn"": ""1.9.0"", ""torch"": ""2.13.0""}"
compas,logreg,race,prune:0.5,0,African-American,804,0.449005,0.615885,0.000754,0.002158,0.061664,0.449005,0.042384,0.000448,0.001432,0.362562,0.942857,-0.828571,-0.142857,c23736a1e666,3.11.15,"{""tinyaudit"": ""0.1.0"", ""numpy"": ""1.26.4"", ""pandas"": ""3.0.5"", ""scikit-learn"": ""1.9.0"", ""torch"": ""2.13.0""}"
compas,logreg,race,prune:0.5,0,Asian,5,0.0,0.648292,0.000451,0.000982,0.139101,0.449005,0.042384,0.000448,0.001432,0.362562,0.942857,-0.828571,-0.142857,c23736a1e666,3.11.15,"{""tinyaudit"": ""0.1.0"", ""numpy"": ""1.26.4"", ""pandas"": ""3.0.5"", ""scikit-learn"": ""1.9.0"", ""torch"": ""2.13.0""}"
compas,logreg,race,prune:0.5,0,Caucasian,516,0.215116,0.606469,0.000614,0.001591,0.032017,0.449005,0.042384,0.000448,0.001432,0.362562,0.942857,-0.828571,-0.142857,c23736a1e666,3.11.15,"{""tinyaudit"": ""0.1.0"", ""numpy"": ""1.26.4"", ""pandas"": ""3.0.5"", ""scikit-learn"": ""1.9.0"", ""torch"": ""2.13.0""}"
compas,logreg,race,prune:0.5,0,Hispanic,127,0.204724,0.609423,0.000628,0.001658,0.06359,0.449005,0.042384,0.000448,0.001432,0.362562,0.942857,-0.828571,-0.142857,c23736a1e666,3.11.15,"{""tinyaudit"": ""0.1.0"", ""numpy"": ""1.26.4"", ""pandas"": ""3.0.5"", ""scikit-learn"": ""1.9.0"", ""torch"": ""2.13.0""}"
compas,logreg,race,prune:0.5,0,Native American,3,0.333333,0.648853,0.000306,0.000725,0.39458,0.449005,0.042384,0.000448,0.001432,0.362562,0.942857,-0.828571,-0.142857,c23736a1e666,3.11.15,"{""tinyaudit"": ""0.1.0"", ""numpy"": ""1.26.4"", ""pandas"": ""3.0.5"", ""scikit-learn"": ""1.9.0"", ""torch"": ""2.13.0""}"
compas,logreg,race,prune:0.5,0,Other,88,0.170455,0.62305,0.000623,0.00156,0.086716,0.449005,0.042384,0.000448,0.001432,0.362562,0.942857,-0.828571,-0.142857,c23736a1e666,3.11.15,"{""tinyaudit"": ""0.1.0"", ""numpy"": ""1.26.4"", ""pandas"": ""3.0.5"", ""scikit-learn"": ""1.9.0"", ""torch"": ""2.13.0""}"
compas,logreg,race,prune:0.9,0,African-American,804,0.0,0.688861,9e-06,1.9e-05,0.077356,0.0,0.0,0.0,0.0,0.066667,-0.308607,nan,nan,29ed83a89876,3.11.15,"{""tinyaudit"": ""0.1.0"", ""numpy"": ""1.26.4"", ""pandas"": ""3.0.5"", ""scikit-learn"": ""1.9.0"", ""torch"": ""2.13.0""}"
compas,logreg,race,prune:0.9,0,Asian,5,0.0,0.688861,9e-06,1.9e-05,0.053738,0.0,0.0,0.0,0.0,0.066667,-0.308607,nan,nan,29ed83a89876,3.11.15,"{""tinyaudit"": ""0.1.0"", ""numpy"": ""1.26.4"", ""pandas"": ""3.0.5"", ""scikit-learn"": ""1.9.0"", ""torch"": ""2.13.0""}"
compas,logreg,race,prune:0.9,0,Caucasian,516,0.0,0.688861,9e-06,1.9e-05,0.077769,0.0,0.0,0.0,0.0,0.066667,-0.308607,nan,nan,29ed83a89876,3.11.15,"{""tinyaudit"": ""0.1.0"", ""numpy"": ""1.26.4"", ""pandas"": ""3.0.5"", ""scikit-learn"": ""1.9.0"", ""torch"": ""2.13.0""}"
compas,logreg,race,prune:0.9,0,Hispanic,127,0.0,0.688861,9e-06,1.9e-05,0.107282,0.0,0.0,0.0,0.0,0.066667,-0.308607,nan,nan,29ed83a89876,3.11.15,"{""tinyaudit"": ""0.1.0"", ""numpy"": ""1.26.4"", ""pandas"": ""3.0.5"", ""scikit-learn"": ""1.9.0"", ""torch"": ""2.13.0""}"
compas,logreg,race,prune:0.9,0,Native American,3,0.0,0.688861,9e-06,1.9e-05,0.120405,0.0,0.0,0.0,0.0,0.066667,-0.308607,nan,nan,29ed83a89876,3.11.15,"{""tinyaudit"": ""0.1.0"", ""numpy"": ""1.26.4"", ""pandas"": ""3.0.5"", ""scikit-learn"": ""1.9.0"", ""torch"": ""2.13.0""}"
compas,logreg,race,prune:0.9,0,Other,88,0.0,0.688861,9e-06,1.9e-05,0.067375,0.0,0.0,0.0,0.0,0.066667,-0.308607,nan,nan,29ed83a89876,3.11.15,"{""tinyaudit"": ""0.1.0"", ""numpy"": ""1.26.4"", ""pandas"": ""3.0.5"", ""scikit-learn"": ""1.9.0"", ""torch"": ""2.13.0""}"
compas,logreg,sex,none,1,Female,311,0.221865,0.626073,0.000687,0.001695,0.07586,0.134466,0.018681,0.000136,0.000436,0.050286,nan,nan,nan,4489ae7b79c2,3.11.15,"{""tinyaudit"": ""0.1.0"", ""numpy"": ""1.26.4"", ""pandas"": ""3.0.5"", ""scikit-learn"": ""1.9.0"", ""torch"": ""2.13.0""}"
compas,logreg,sex,none,1,Male,1232,0.356331,0.607392,0.000823,0.002131,0.025574,0.134466,0.018681,0.000136,0.000436,0.050286,nan,nan,nan,4489ae7b79c2,3.11.15,"{""tinyaudit"": ""0.1.0"", ""numpy"": ""1.26.4"", ""pandas"": ""3.0.5"", ""scikit-learn"": ""1.9.0"", ""torch"": ""2.13.0""}"
compas,logreg,sex,prune:0.5,1,Female,311,0.221865,0.629133,0.000687,0.001687,0.063968,0.131219,0.016317,0.000148,0.000487,0.029415,nan,nan,nan,61e7faff99a3,3.11.15,"{""tinyaudit"": ""0.1.0"", ""numpy"": ""1.26.4"", ""pandas"": ""3.0.5"", ""scikit-learn"": ""1.9.0"", ""torch"": ""2.13.0""}"
compas,logreg,sex,prune:0.5,1,Male,1232,0.353084,0.612817,0.000835,0.002174,0.034553,0.131219,0.016317,0.000148,0.000487,0.029415,nan,nan,nan,61e7faff99a3,3.11.15,"{""tinyaudit"": ""0.1.0"", ""numpy"": ""1.26.4"", ""pandas"": ""3.0.5"", ""scikit-learn"": ""1.9.0"", ""torch"": ""2.13.0""}"
compas,logreg,sex,prune:0.9,1,Female,311,0.0,0.688948,1e-05,1.9e-05,0.100511,0.0,0.0,0.0,0.0,0.074199,nan,nan,nan,72b24cb72a66,3.11.15,"{""tinyaudit"": ""0.1.0"", ""numpy"": ""1.26.4"", ""pandas"": ""3.0.5"", ""scikit-learn"": ""1.9.0"", ""torch"": ""2.13.0""}"
compas,logreg,sex,prune:0.9,1,Male,1232,0.0,0.688948,1e-05,1.9e-05,0.026311,0.0,0.0,0.0,0.0,0.074199,nan,nan,nan,72b24cb72a66,3.11.15,"{""tinyaudit"": ""0.1.0"", ""numpy"": ""1.26.4"", ""pandas"": ""3.0.5"", ""scikit-learn"": ""1.9.0"", ""torch"": ""2.13.0""}"
compas,logreg,race,none,1,African-American,779,0.42362,0.618291,0.000872,0.002257,0.041581,1.0,0.142464,0.000435,0.000653,0.174347,-0.6,-0.257143,0.828571,bbefd9914735,3.11.15,"{""tinyaudit"": ""0.1.0"", ""numpy"": ""1.26.4"", ""pandas"": ""3.0.5"", ""scikit-learn"": ""1.9.0"", ""torch"": ""2.13.0""}"
compas,logreg,race,none,1,Asian,11,0.0,0.549606,0.000569,0.001603,0.197535,1.0,0.142464,0.000435,0.000653,0.174347,-0.6,-0.257143,0.828571,bbefd9914735,3.11.15,"{""tinyaudit"": ""0.1.0"", ""numpy"": ""1.26.4"", ""pandas"": ""3.0.5"", ""scikit-learn"": ""1.9.0"", ""torch"": ""2.13.0""}"
compas,logreg,race,none,1,Caucasian,544,0.231618,0.60319,0.000695,0.001766,0.038939,1.0,0.142464,0.000435,0.000653,0.174347,-0.6,-0.257143,0.828571,bbefd9914735,3.11.15,"{""tinyaudit"": ""0.1.0"", ""numpy"": ""1.26.4"", ""pandas"": ""3.0.5"", ""scikit-learn"": ""1.9.0"", ""torch"": ""2.13.0""}"
compas,logreg,race,none,1,Hispanic,123,0.300813,0.606501,0.000755,0.001963,0.098553,1.0,0.142464,0.000435,0.000653,0.174347,-0.6,-0.257143,0.828571,bbefd9914735,3.11.15,"{""tinyaudit"": ""0.1.0"", ""numpy"": ""1.26.4"", ""pandas"": ""3.0.5"", ""scikit-learn"": ""1.9.0"", ""torch"": ""2.13.0""}"
compas,logreg,race,none,1,Native American,2,1.0,0.692071,0.001004,0.002018,0.023188,1.0,0.142464,0.000435,0.000653,0.174347,-0.6,-0.257143,0.828571,bbefd9914735,3.11.15,"{""tinyaudit"": ""0.1.0"", ""numpy"": ""1.26.4"", ""pandas"": ""3.0.5"", ""scikit-learn"": ""1.9.0"", ""torch"": ""2.13.0""}"
compas,logreg,race,none,1,Other,84,0.154762,0.609546,0.000821,0.002039,0.131166,1.0,0.142464,0.000435,0.000653,0.174347,-0.6,-0.257143,0.828571,bbefd9914735,3.11.15,"{""tinyaudit"": ""0.1.0"", ""numpy"": ""1.26.4"", ""pandas"": ""3.0.5"", ""scikit-learn"": ""1.9.0"", ""torch"": ""2.13.0""}"
compas,logreg,race,prune:0.5,1,African-American,779,0.426187,0.623473,0.000886,0.002307,0.044941,0.409091,0.136665,0.000278,0.000624,0.49231,0.542857,-0.314286,0.828571,bb35544edc8c,3.11.15,"{""tinyaudit"": ""0.1.0"", ""numpy"": ""1.26.4"", ""pandas"": ""3.0.5"", ""scikit-learn"": ""1.9.0"", ""torch"": ""2.13.0""}"
compas,logreg,race,prune:0.5,1,Asian,11,0.090909,0.554708,0.000608,0.001702,0.108836,0.409091,0.136665,0.000278,0.000624,0.49231,0.542857,-0.314286,0.828571,bb35544edc8c,3.11.15,"{""tinyaudit"": ""0.1.0"", ""numpy"": ""1.26.4"", ""pandas"": ""3.0.5"", ""scikit-learn"": ""1.9.0"", ""torch"": ""2.13.0""}"
compas,logreg,race,prune:0.5,1,Caucasian,544,0.227941,0.608203,0.000696,0.001769,0.03742,0.409091,0.136665,0.000278,0.000624,0.49231,0.542857,-0.314286,0.828571,bb35544edc8c,3.11.15,"{""tinyaudit"": ""0.1.0"", ""numpy"": ""1.26.4"", ""pandas"": ""3.0.5"", ""scikit-learn"": ""1.9.0"", ""torch"": ""2.13.0""}"
compas,logreg,race,prune:0.5,1,Hispanic,123,0.276423,0.610381,0.00077,0.002,0.111209,0.409091,0.136665,0.000278,0.000624,0.49231,0.542857,-0.314286,0.828571,bb35544edc8c,3.11.15,"{""tinyaudit"": ""0.1.0"", ""numpy"": ""1.26.4"", ""pandas"": ""3.0.5"", ""scikit-learn"": ""1.9.0"", ""torch"": ""2.13.0""}"
compas,logreg,race,prune:0.5,1,Native American,2,0.5,0.691373,0.000838,0.001683,0.52973,0.409091,0.136665,0.000278,0.000624,0.49231,0.542857,-0.314286,0.828571,bb35544edc8c,3.11.15,"{""tinyaudit"": ""0.1.0"", ""numpy"": ""1.26.4"", ""pandas"": ""3.0.5"", ""scikit-learn"": ""1.9.0"", ""torch"": ""2.13.0""}"
compas,logreg,race,prune:0.5,1,Other,84,0.142857,0.613586,0.000844,0.002086,0.125807,0.409091,0.136665,0.000278,0.000624,0.49231,0.542857,-0.314286,0.828571,bb35544edc8c,3.11.15,"{""tinyaudit"": ""0.1.0"", ""numpy"": ""1.26.4"", ""pandas"": ""3.0.5"", ""scikit-learn"": ""1.9.0"", ""torch"": ""2.13.0""}"
compas,logreg,race,prune:0.9,1,African-American,779,0.0,0.688948,1e-05,1.9e-05,0.057987,0.0,0.0,0.0,0.0,0.331885,-0.802377,nan,nan,53b3deaad60d,3.11.15,"{""tinyaudit"": ""0.1.0"", ""numpy"": ""1.26.4"", ""pandas"": ""3.0.5"", ""scikit-learn"": ""1.9.0"", ""torch"": ""2.13.0""}"
compas,logreg,race,prune:0.9,1,Asian,11,0.0,0.688948,1e-05,1.9e-05,0.363299,0.0,0.0,0.0,0.0,0.331885,-0.802377,nan,nan,53b3deaad60d,3.11.15,"{""tinyaudit"": ""0.1.0"", ""numpy"": ""1.26.4"", ""pandas"": ""3.0.5"", ""scikit-learn"": ""1.9.0"", ""torch"": ""2.13.0""}"
compas,logreg,race,prune:0.9,1,Caucasian,544,0.0,0.688948,1e-05,1.9e-05,0.031414,0.0,0.0,0.0,0.0,0.331885,-0.802377,nan,nan,53b3deaad60d,3.11.15,"{""tinyaudit"": ""0.1.0"", ""numpy"": ""1.26.4"", ""pandas"": ""3.0.5"", ""scikit-learn"": ""1.9.0"", ""torch"": ""2.13.0""}"
compas,logreg,race,prune:0.9,1,Hispanic,123,0.0,0.688948,1e-05,1.9e-05,0.104615,0.0,0.0,0.0,0.0,0.331885,-0.802377,nan,nan,53b3deaad60d,3.11.15,"{""tinyaudit"": ""0.1.0"", ""numpy"": ""1.26.4"", ""pandas"": ""3.0.5"", ""scikit-learn"": ""1.9.0"", ""torch"": ""2.13.0""}"
compas,logreg,race,prune:0.9,1,Native American,2,0.0,0.688948,1e-05,1.9e-05,0.045792,0.0,0.0,0.0,0.0,0.331885,-0.802377,nan,nan,53b3deaad60d,3.11.15,"{""tinyaudit"": ""0.1.0"", ""numpy"": ""1.26.4"", ""pandas"": ""3.0.5"", ""scikit-learn"": ""1.9.0"", ""torch"": ""2.13.0""}"
compas,logreg,race,prune:0.9,1,Other,84,0.0,0.688948,1e-05,1.9e-05,0.120875,0.0,0.0,0.0,0.0,0.331885,-0.802377,nan,nan,53b3deaad60d,3.11.15,"{""tinyaudit"": ""0.1.0"", ""numpy"": ""1.26.4"", ""pandas"": ""3.0.5"", ""scikit-learn"": ""1.9.0"", ""torch"": ""2.13.0""}"
compas,logreg,sex,none,2,Female,303,0.207921,0.622075,0.000679,0.001638,0.083989,0.138047,0.015019,0.000105,0.000456,0.051497,nan,nan,nan,00f9ffcd4158,3.11.15,"{""tinyaudit"": ""0.1.0"", ""numpy"": ""1.26.4"", ""pandas"": ""3.0.5"", ""scikit-learn"": ""1.9.0"", ""torch"": ""2.13.0""}"
compas,logreg,sex,none,2,Male,1240,0.345968,0.607056,0.000784,0.002094,0.032493,0.138047,0.015019,0.000105,0.000456,0.051497,nan,nan,nan,00f9ffcd4158,3.11.15,"{""tinyaudit"": ""0.1.0"", ""numpy"": ""1.26.4"", ""pandas"": ""3.0.5"", ""scikit-learn"": ""1.9.0"", ""torch"": ""2.13.0""}"
compas,logreg,sex,prune:0.5,2,Female,303,0.231023,0.62581,0.000695,0.00167,0.098687,0.107687,0.012565,9.7e-05,0.000439,0.06352,nan,nan,nan,08f33af5ab44,3.11.15,"{""tinyaudit"": ""0.1.0"", ""numpy"": ""1.26.4"", ""pandas"": ""3.0.5"", ""scikit-learn"": ""1.9.0"", ""torch"": ""2.13.0""}"
compas,logreg,sex,prune:0.5,2,Male,1240,0.33871,0.613245,0.000792,0.002109,0.035167,0.107687,0.012565,9.7e-05,0.000439,0.06352,nan,nan,nan,08f33af5ab44,3.11.15,"{""tinyaudit"": ""0.1.0"", ""numpy"": ""1.26.4"", ""pandas"": ""3.0.5"", ""scikit-learn"": ""1.9.0"", ""torch"": ""2.13.0""}"
compas,logreg,sex,prune:0.9,2,Female,303,0.0,0.688942,1.7e-05,3.4e-05,0.117546,0.0,0.0,0.0,0.0,0.087855,nan,nan,nan,653fe6b599ed,3.11.15,"{""tinyaudit"": ""0.1.0"", ""numpy"": ""1.26.4"", ""pandas"": ""3.0.5"", ""scikit-learn"": ""1.9.0"", ""torch"": ""2.13.0""}"
compas,logreg,sex,prune:0.9,2,Male,1240,0.0,0.688942,1.7e-05,3.4e-05,0.029691,0.0,0.0,0.0,0.0,0.087855,nan,nan,nan,653fe6b599ed,3.11.15,"{""tinyaudit"": ""0.1.0"", ""numpy"": ""1.26.4"", ""pandas"": ""3.0.5"", ""scikit-learn"": ""1.9.0"", ""torch"": ""2.13.0""}"
compas,logreg,race,none,2,African-American,769,0.426528,0.612479,0.000863,0.002347,0.066233,0.801484,0.082041,0.000489,0.003439,0.324255,-0.714286,0.6,-0.142857,69615063bca0,3.11.15,"{""tinyaudit"": ""0.1.0"", ""numpy"": ""1.26.4"", ""pandas"": ""3.0.5"", ""scikit-learn"": ""1.9.0"", ""torch"": ""2.13.0""}"
compas,logreg,race,none,2,Asian,6,0.333333,0.530438,0.000831,0.002348,0.256475,0.801484,0.082041,0.000489,0.003439,0.324255,-0.714286,0.6,-0.142857,69615063bca0,3.11.15,"{""tinyaudit"": ""0.1.0"", ""numpy"": ""1.26.4"", ""pandas"": ""3.0.5"", ""scikit-learn"": ""1.9.0"", ""torch"": ""2.13.0""}"
compas,logreg,race,none,2,Caucasian,539,0.198516,0.608398,0.000676,0.001661,0.013322,0.801484,0.082041,0.000489,0.003439,0.324255,-0.714286,0.6,-0.142857,69615063bca0,3.11.15,"{""tinyaudit"": ""0.1.0"", ""numpy"": ""1.26.4"", ""pandas"": ""3.0.5"", ""scikit-learn"": ""1.9.0"", ""torch"": ""2.13.0""}"
compas,logreg,race,none,2,Hispanic,137,0.233577,0.608797,0.000632,0.001642,0.050885,0.801484,0.082041,0.000489,0.003439,0.324255,-0.714286,0.6,-0.142857,69615063bca0,3.11.15,"{""tinyaudit"": ""0.1.0"", ""numpy"": ""1.26.4"", ""pandas"": ""3.0.5"", ""scikit-learn"": ""1.9.0"", ""torch"": ""2.13.0""}"
compas,logreg,race,none,2,Native American,3,1.0,0.545649,0.001112,0.004998,0.337578,0.801484,0.082041,0.000489,0.003439,0.324255,-0.714286,0.6,-0.142857,69615063bca0,3.11.15,"{""tinyaudit"": ""0.1.0"", ""numpy"": ""1.26.4"", ""pandas"": ""3.0.5"", ""scikit-learn"": ""1.9.0"", ""torch"": ""2.13.0""}"
compas,logreg,race,none,2,Other,89,0.224719,0.607763,0.000623,0.001559,0.093198,0.801484,0.082041,0.000489,0.003439,0.324255,-0.714286,0.6,-0.142857,69615063bca0,3.11.15,"{""tinyaudit"": ""0.1.0"", ""numpy"": ""1.26.4"", ""pandas"": ""3.0.5"", ""scikit-learn"": ""1.9.0"", ""torch"": ""2.13.0""}"
compas,logreg,race,prune:0.5,2,African-American,769,0.425228,0.617924,0.000872,0.002372,0.067289,0.5,0.084853,0.000502,0.003609,0.247831,-0.028571,-0.085714,0.142857,c1ad7cf8e4b8,3.11.15,"{""tinyaudit"": ""0.1.0"", ""numpy"": ""1.26.4"", ""pandas"": ""3.0.5"", ""scikit-learn"": ""1.9.0"", ""torch"": ""2.13.0""}"
compas,logreg,race,prune:0.5,2,Asian,6,0.166667,0.533313,0.000791,0.002289,0.268943,0.5,0.084853,0.000502,0.003609,0.247831,-0.028571,-0.085714,0.142857,c1ad7cf8e4b8,3.11.15,"{""tinyaudit"": ""0.1.0"", ""numpy"": ""1.26.4"", ""pandas"": ""3.0.5"", ""scikit-learn"": ""1.9.0"", ""torch"": ""2.13.0""}"
compas,logreg,race,prune:0.5,2,Caucasian,539,0.198516,0.61424,0.000683,0.001668,0.021112,0.5,0.084853,0.000502,0.003609,0.247831,-0.028571,-0.085714,0.142857,c1ad7cf8e4b8,3.11.15,"{""tinyaudit"": ""0.1.0"", ""numpy"": ""1.26.4"", ""pandas"": ""3.0.5"", ""scikit-learn"": ""1.9.0"", ""torch"": ""2.13.0""}"
compas,logreg,race,prune:0.5,2,Hispanic,137,0.240876,0.612437,0.000648,0.001678,0.065216,0.5,0.084853,0.000502,0.003609,0.247831,-0.028571,-0.085714,0.142857,c1ad7cf8e4b8,3.11.15,"{""tinyaudit"": ""0.1.0"", ""numpy"": ""1.26.4"", ""pandas"": ""3.0.5"", ""scikit-learn"": ""1.9.0"", ""torch"": ""2.13.0""}"
compas,logreg,race,prune:0.5,2,Native American,3,0.666667,0.55486,0.001142,0.00517,0.055973,0.5,0.084853,0.000502,0.003609,0.247831,-0.028571,-0.085714,0.142857,c1ad7cf8e4b8,3.11.15,"{""tinyaudit"": ""0.1.0"", ""numpy"": ""1.26.4"", ""pandas"": ""3.0.5"", ""scikit-learn"": ""1.9.0"", ""torch"": ""2.13.0""}"
compas,logreg,race,prune:0.5,2,Other,89,0.224719,0.618166,0.00064,0.001561,0.120466,0.5,0.084853,0.000502,0.003609,0.247831,-0.028571,-0.085714,0.142857,c1ad7cf8e4b8,3.11.15,"{""tinyaudit"": ""0.1.0"", ""numpy"": ""1.26.4"", ""pandas"": ""3.0.5"", ""scikit-learn"": ""1.9.0"", ""torch"": ""2.13.0""}"
compas,logreg,race,prune:0.9,2,African-American,769,0.0,0.688942,1.7e-05,3.4e-05,0.067276,0.0,0.0,0.0,0.0,0.497948,-0.828079,nan,nan,5a6a9230561b,3.11.15,"{""tinyaudit"": ""0.1.0"", ""numpy"": ""1.26.4"", ""pandas"": ""3.0.5"", ""scikit-learn"": ""1.9.0"", ""torch"": ""2.13.0""}"
compas,logreg,race,prune:0.9,2,Asian,6,0.0,0.688942,1.7e-05,3.4e-05,0.287513,0.0,0.0,0.0,0.0,0.497948,-0.828079,nan,nan,5a6a9230561b,3.11.15,"{""tinyaudit"": ""0.1.0"", ""numpy"": ""1.26.4"", ""pandas"": ""3.0.5"", ""scikit-learn"": ""1.9.0"", ""torch"": ""2.13.0""}"
compas,logreg,race,prune:0.9,2,Caucasian,539,0.0,0.688942,1.7e-05,3.4e-05,0.047872,0.0,0.0,0.0,0.0,0.497948,-0.828079,nan,nan,5a6a9230561b,3.11.15,"{""tinyaudit"": ""0.1.0"", ""numpy"": ""1.26.4"", ""pandas"": ""3.0.5"", ""scikit-learn"": ""1.9.0"", ""torch"": ""2.13.0""}"
compas,logreg,race,prune:0.9,2,Hispanic,137,0.0,0.688942,1.7e-05,3.4e-05,0.125713,0.0,0.0,0.0,0.0,0.497948,-0.828079,nan,nan,5a6a9230561b,3.11.15,"{""tinyaudit"": ""0.1.0"", ""numpy"": ""1.26.4"", ""pandas"": ""3.0.5"", ""scikit-learn"": ""1.9.0"", ""torch"": ""2.13.0""}"
compas,logreg,race,prune:0.9,2,Native American,3,0.0,0.688942,1.7e-05,3.4e-05,0.54582,0.0,0.0,0.0,0.0,0.497948,-0.828079,nan,nan,5a6a9230561b,3.11.15,"{""tinyaudit"": ""0.1.0"", ""numpy"": ""1.26.4"", ""pandas"": ""3.0.5"", ""scikit-learn"": ""1.9.0"", ""torch"": ""2.13.0""}"
compas,logreg,race,prune:0.9,2,Other,89,0.0,0.688942,1.7e-05,3.4e-05,0.083394,0.0,0.0,0.0,0.0,0.497948,-0.828079,nan,nan,5a6a9230561b,3.11.15,"{""tinyaudit"": ""0.1.0"", ""numpy"": ""1.26.4"", ""pandas"": ""3.0.5"", ""scikit-learn"": ""1.9.0"", ""torch"": ""2.13.0""}"
