dataset,model,sensitive,compression,top_k,n_features,n_groups,n_flips,flip_rate,flipped_features,seed,config_hash,python,versions
compas,logreg,sex,none,3,5,2,0,0.0,,0,bb615e5103d2,3.11.15,"{""numpy"": ""1.26.4"", ""pandas"": ""3.0.3"", ""scikit-learn"": ""1.9.0"", ""torch"": ""2.12.0""}"
compas,logreg,sex,prune:0.3,3,5,2,0,0.0,,0,1d54c51f1d89,3.11.15,"{""numpy"": ""1.26.4"", ""pandas"": ""3.0.3"", ""scikit-learn"": ""1.9.0"", ""torch"": ""2.12.0""}"
compas,logreg,sex,prune:0.5,3,5,2,0,0.0,,0,4ea62c3e7c29,3.11.15,"{""numpy"": ""1.26.4"", ""pandas"": ""3.0.3"", ""scikit-learn"": ""1.9.0"", ""torch"": ""2.12.0""}"
compas,logreg,sex,prune:0.7,3,5,2,0,0.0,,0,8ddc62471e88,3.11.15,"{""numpy"": ""1.26.4"", ""pandas"": ""3.0.3"", ""scikit-learn"": ""1.9.0"", ""torch"": ""2.12.0""}"
compas,logreg,sex,prune:0.9,3,5,2,0,0.0,,0,51684aa1846d,3.11.15,"{""numpy"": ""1.26.4"", ""pandas"": ""3.0.3"", ""scikit-learn"": ""1.9.0"", ""torch"": ""2.12.0""}"
compas,logreg,race,none,3,5,6,0,0.0,,0,c14366fbb4b9,3.11.15,"{""numpy"": ""1.26.4"", ""pandas"": ""3.0.3"", ""scikit-learn"": ""1.9.0"", ""torch"": ""2.12.0""}"
compas,logreg,race,prune:0.3,3,5,6,0,0.0,,0,801a05db79d8,3.11.15,"{""numpy"": ""1.26.4"", ""pandas"": ""3.0.3"", ""scikit-learn"": ""1.9.0"", ""torch"": ""2.12.0""}"
compas,logreg,race,prune:0.5,3,5,6,0,0.0,,0,c23736a1e666,3.11.15,"{""numpy"": ""1.26.4"", ""pandas"": ""3.0.3"", ""scikit-learn"": ""1.9.0"", ""torch"": ""2.12.0""}"
compas,logreg,race,prune:0.7,3,5,6,0,0.0,,0,9af2a1518654,3.11.15,"{""numpy"": ""1.26.4"", ""pandas"": ""3.0.3"", ""scikit-learn"": ""1.9.0"", ""torch"": ""2.12.0""}"
compas,logreg,race,prune:0.9,3,5,6,0,0.0,,0,29ed83a89876,3.11.15,"{""numpy"": ""1.26.4"", ""pandas"": ""3.0.3"", ""scikit-learn"": ""1.9.0"", ""torch"": ""2.12.0""}"
compas,logreg,sex,none,3,5,2,0,0.0,,1,4489ae7b79c2,3.11.15,"{""numpy"": ""1.26.4"", ""pandas"": ""3.0.3"", ""scikit-learn"": ""1.9.0"", ""torch"": ""2.12.0""}"
compas,logreg,sex,prune:0.3,3,5,2,0,0.0,,1,df1e1d61c15e,3.11.15,"{""numpy"": ""1.26.4"", ""pandas"": ""3.0.3"", ""scikit-learn"": ""1.9.0"", ""torch"": ""2.12.0""}"
compas,logreg,sex,prune:0.5,3,5,2,0,0.0,,1,61e7faff99a3,3.11.15,"{""numpy"": ""1.26.4"", ""pandas"": ""3.0.3"", ""scikit-learn"": ""1.9.0"", ""torch"": ""2.12.0""}"
compas,logreg,sex,prune:0.7,3,5,2,0,0.0,,1,e72826b23c22,3.11.15,"{""numpy"": ""1.26.4"", ""pandas"": ""3.0.3"", ""scikit-learn"": ""1.9.0"", ""torch"": ""2.12.0""}"
compas,logreg,sex,prune:0.9,3,5,2,0,0.0,,1,72b24cb72a66,3.11.15,"{""numpy"": ""1.26.4"", ""pandas"": ""3.0.3"", ""scikit-learn"": ""1.9.0"", ""torch"": ""2.12.0""}"
compas,logreg,race,none,3,5,6,0,0.0,,1,bbefd9914735,3.11.15,"{""numpy"": ""1.26.4"", ""pandas"": ""3.0.3"", ""scikit-learn"": ""1.9.0"", ""torch"": ""2.12.0""}"
compas,logreg,race,prune:0.3,3,5,6,0,0.0,,1,e9776416040e,3.11.15,"{""numpy"": ""1.26.4"", ""pandas"": ""3.0.3"", ""scikit-learn"": ""1.9.0"", ""torch"": ""2.12.0""}"
compas,logreg,race,prune:0.5,3,5,6,0,0.0,,1,bb35544edc8c,3.11.15,"{""numpy"": ""1.26.4"", ""pandas"": ""3.0.3"", ""scikit-learn"": ""1.9.0"", ""torch"": ""2.12.0""}"
compas,logreg,race,prune:0.7,3,5,6,0,0.0,,1,0f1b81609901,3.11.15,"{""numpy"": ""1.26.4"", ""pandas"": ""3.0.3"", ""scikit-learn"": ""1.9.0"", ""torch"": ""2.12.0""}"
compas,logreg,race,prune:0.9,3,5,6,0,0.0,,1,53b3deaad60d,3.11.15,"{""numpy"": ""1.26.4"", ""pandas"": ""3.0.3"", ""scikit-learn"": ""1.9.0"", ""torch"": ""2.12.0""}"
compas,logreg,sex,none,3,5,2,0,0.0,,2,00f9ffcd4158,3.11.15,"{""numpy"": ""1.26.4"", ""pandas"": ""3.0.3"", ""scikit-learn"": ""1.9.0"", ""torch"": ""2.12.0""}"
compas,logreg,sex,prune:0.3,3,5,2,0,0.0,,2,29e328cf0ce4,3.11.15,"{""numpy"": ""1.26.4"", ""pandas"": ""3.0.3"", ""scikit-learn"": ""1.9.0"", ""torch"": ""2.12.0""}"
compas,logreg,sex,prune:0.5,3,5,2,0,0.0,,2,08f33af5ab44,3.11.15,"{""numpy"": ""1.26.4"", ""pandas"": ""3.0.3"", ""scikit-learn"": ""1.9.0"", ""torch"": ""2.12.0""}"
compas,logreg,sex,prune:0.7,3,5,2,0,0.0,,2,804b6f62f78a,3.11.15,"{""numpy"": ""1.26.4"", ""pandas"": ""3.0.3"", ""scikit-learn"": ""1.9.0"", ""torch"": ""2.12.0""}"
compas,logreg,sex,prune:0.9,3,5,2,0,0.0,,2,653fe6b599ed,3.11.15,"{""numpy"": ""1.26.4"", ""pandas"": ""3.0.3"", ""scikit-learn"": ""1.9.0"", ""torch"": ""2.12.0""}"
compas,logreg,race,none,3,5,6,0,0.0,,2,69615063bca0,3.11.15,"{""numpy"": ""1.26.4"", ""pandas"": ""3.0.3"", ""scikit-learn"": ""1.9.0"", ""torch"": ""2.12.0""}"
compas,logreg,race,prune:0.3,3,5,6,0,0.0,,2,8af9f83e4086,3.11.15,"{""numpy"": ""1.26.4"", ""pandas"": ""3.0.3"", ""scikit-learn"": ""1.9.0"", ""torch"": ""2.12.0""}"
compas,logreg,race,prune:0.5,3,5,6,0,0.0,,2,c1ad7cf8e4b8,3.11.15,"{""numpy"": ""1.26.4"", ""pandas"": ""3.0.3"", ""scikit-learn"": ""1.9.0"", ""torch"": ""2.12.0""}"
compas,logreg,race,prune:0.7,3,5,6,0,0.0,,2,a3b41209c425,3.11.15,"{""numpy"": ""1.26.4"", ""pandas"": ""3.0.3"", ""scikit-learn"": ""1.9.0"", ""torch"": ""2.12.0""}"
compas,logreg,race,prune:0.9,3,5,6,0,0.0,,2,5a6a9230561b,3.11.15,"{""numpy"": ""1.26.4"", ""pandas"": ""3.0.3"", ""scikit-learn"": ""1.9.0"", ""torch"": ""2.12.0""}"
compas,logreg,sex,none,3,5,2,0,0.0,,3,b1dd4bd1076b,3.11.15,"{""numpy"": ""1.26.4"", ""pandas"": ""3.0.3"", ""scikit-learn"": ""1.9.0"", ""torch"": ""2.12.0""}"
compas,logreg,sex,prune:0.3,3,5,2,0,0.0,,3,a1114dffdeca,3.11.15,"{""numpy"": ""1.26.4"", ""pandas"": ""3.0.3"", ""scikit-learn"": ""1.9.0"", ""torch"": ""2.12.0""}"
compas,logreg,sex,prune:0.5,3,5,2,0,0.0,,3,b084b7449c64,3.11.15,"{""numpy"": ""1.26.4"", ""pandas"": ""3.0.3"", ""scikit-learn"": ""1.9.0"", ""torch"": ""2.12.0""}"
compas,logreg,sex,prune:0.7,3,5,2,0,0.0,,3,835b41e9fd54,3.11.15,"{""numpy"": ""1.26.4"", ""pandas"": ""3.0.3"", ""scikit-learn"": ""1.9.0"", ""torch"": ""2.12.0""}"
compas,logreg,sex,prune:0.9,3,5,2,0,0.0,,3,0dc3bfdf1889,3.11.15,"{""numpy"": ""1.26.4"", ""pandas"": ""3.0.3"", ""scikit-learn"": ""1.9.0"", ""torch"": ""2.12.0""}"
compas,logreg,race,none,3,5,6,0,0.0,,3,e022c33cced5,3.11.15,"{""numpy"": ""1.26.4"", ""pandas"": ""3.0.3"", ""scikit-learn"": ""1.9.0"", ""torch"": ""2.12.0""}"
compas,logreg,race,prune:0.3,3,5,6,0,0.0,,3,3251338a499c,3.11.15,"{""numpy"": ""1.26.4"", ""pandas"": ""3.0.3"", ""scikit-learn"": ""1.9.0"", ""torch"": ""2.12.0""}"
compas,logreg,race,prune:0.5,3,5,6,0,0.0,,3,33d1b602af4b,3.11.15,"{""numpy"": ""1.26.4"", ""pandas"": ""3.0.3"", ""scikit-learn"": ""1.9.0"", ""torch"": ""2.12.0""}"
compas,logreg,race,prune:0.7,3,5,6,0,0.0,,3,f8cc17ca97c9,3.11.15,"{""numpy"": ""1.26.4"", ""pandas"": ""3.0.3"", ""scikit-learn"": ""1.9.0"", ""torch"": ""2.12.0""}"
compas,logreg,race,prune:0.9,3,5,6,0,0.0,,3,9abb1baa6081,3.11.15,"{""numpy"": ""1.26.4"", ""pandas"": ""3.0.3"", ""scikit-learn"": ""1.9.0"", ""torch"": ""2.12.0""}"
compas,logreg,sex,none,3,5,2,0,0.0,,4,d21f95636552,3.11.15,"{""numpy"": ""1.26.4"", ""pandas"": ""3.0.3"", ""scikit-learn"": ""1.9.0"", ""torch"": ""2.12.0""}"
compas,logreg,sex,prune:0.3,3,5,2,0,0.0,,4,2cc7f24c680d,3.11.15,"{""numpy"": ""1.26.4"", ""pandas"": ""3.0.3"", ""scikit-learn"": ""1.9.0"", ""torch"": ""2.12.0""}"
compas,logreg,sex,prune:0.5,3,5,2,0,0.0,,4,21419b2ee8b0,3.11.15,"{""numpy"": ""1.26.4"", ""pandas"": ""3.0.3"", ""scikit-learn"": ""1.9.0"", ""torch"": ""2.12.0""}"
compas,logreg,sex,prune:0.7,3,5,2,0,0.0,,4,35184bd60eff,3.11.15,"{""numpy"": ""1.26.4"", ""pandas"": ""3.0.3"", ""scikit-learn"": ""1.9.0"", ""torch"": ""2.12.0""}"
compas,logreg,sex,prune:0.9,3,5,2,0,0.0,,4,74be6f46fae8,3.11.15,"{""numpy"": ""1.26.4"", ""pandas"": ""3.0.3"", ""scikit-learn"": ""1.9.0"", ""torch"": ""2.12.0""}"
compas,logreg,race,none,3,5,6,0,0.0,,4,f00350cd0f43,3.11.15,"{""numpy"": ""1.26.4"", ""pandas"": ""3.0.3"", ""scikit-learn"": ""1.9.0"", ""torch"": ""2.12.0""}"
compas,logreg,race,prune:0.3,3,5,6,0,0.0,,4,3fd56eeed77c,3.11.15,"{""numpy"": ""1.26.4"", ""pandas"": ""3.0.3"", ""scikit-learn"": ""1.9.0"", ""torch"": ""2.12.0""}"
compas,logreg,race,prune:0.5,3,5,6,0,0.0,,4,41be484db582,3.11.15,"{""numpy"": ""1.26.4"", ""pandas"": ""3.0.3"", ""scikit-learn"": ""1.9.0"", ""torch"": ""2.12.0""}"
compas,logreg,race,prune:0.7,3,5,6,0,0.0,,4,070e40a9e95a,3.11.15,"{""numpy"": ""1.26.4"", ""pandas"": ""3.0.3"", ""scikit-learn"": ""1.9.0"", ""torch"": ""2.12.0""}"
compas,logreg,race,prune:0.9,3,5,6,0,0.0,,4,67c2b45e7731,3.11.15,"{""numpy"": ""1.26.4"", ""pandas"": ""3.0.3"", ""scikit-learn"": ""1.9.0"", ""torch"": ""2.12.0""}"
compas,logreg,sex,none,3,5,2,0,0.0,,5,1cdf94308227,3.11.15,"{""numpy"": ""1.26.4"", ""pandas"": ""3.0.3"", ""scikit-learn"": ""1.9.0"", ""torch"": ""2.12.0""}"
compas,logreg,sex,prune:0.3,3,5,2,0,0.0,,5,87bcb5d02b8f,3.11.15,"{""numpy"": ""1.26.4"", ""pandas"": ""3.0.3"", ""scikit-learn"": ""1.9.0"", ""torch"": ""2.12.0""}"
compas,logreg,sex,prune:0.5,3,5,2,0,0.0,,5,36be729cb84e,3.11.15,"{""numpy"": ""1.26.4"", ""pandas"": ""3.0.3"", ""scikit-learn"": ""1.9.0"", ""torch"": ""2.12.0""}"
compas,logreg,sex,prune:0.7,3,5,2,0,0.0,,5,04b523810bf9,3.11.15,"{""numpy"": ""1.26.4"", ""pandas"": ""3.0.3"", ""scikit-learn"": ""1.9.0"", ""torch"": ""2.12.0""}"
compas,logreg,sex,prune:0.9,3,5,2,0,0.0,,5,801a9cc9cc9d,3.11.15,"{""numpy"": ""1.26.4"", ""pandas"": ""3.0.3"", ""scikit-learn"": ""1.9.0"", ""torch"": ""2.12.0""}"
compas,logreg,race,none,3,5,6,0,0.0,,5,558ddea76641,3.11.15,"{""numpy"": ""1.26.4"", ""pandas"": ""3.0.3"", ""scikit-learn"": ""1.9.0"", ""torch"": ""2.12.0""}"
compas,logreg,race,prune:0.3,3,5,6,0,0.0,,5,56a8e36342a0,3.11.15,"{""numpy"": ""1.26.4"", ""pandas"": ""3.0.3"", ""scikit-learn"": ""1.9.0"", ""torch"": ""2.12.0""}"
compas,logreg,race,prune:0.5,3,5,6,0,0.0,,5,c6afd5989abe,3.11.15,"{""numpy"": ""1.26.4"", ""pandas"": ""3.0.3"", ""scikit-learn"": ""1.9.0"", ""torch"": ""2.12.0""}"
compas,logreg,race,prune:0.7,3,5,6,0,0.0,,5,be0b4b75884c,3.11.15,"{""numpy"": ""1.26.4"", ""pandas"": ""3.0.3"", ""scikit-learn"": ""1.9.0"", ""torch"": ""2.12.0""}"
compas,logreg,race,prune:0.9,3,5,6,0,0.0,,5,919e700f1353,3.11.15,"{""numpy"": ""1.26.4"", ""pandas"": ""3.0.3"", ""scikit-learn"": ""1.9.0"", ""torch"": ""2.12.0""}"
compas,logreg,sex,none,3,5,2,0,0.0,,6,67fd0c634120,3.11.15,"{""numpy"": ""1.26.4"", ""pandas"": ""3.0.3"", ""scikit-learn"": ""1.9.0"", ""torch"": ""2.12.0""}"
compas,logreg,sex,prune:0.3,3,5,2,0,0.0,,6,ec81f7ea32a9,3.11.15,"{""numpy"": ""1.26.4"", ""pandas"": ""3.0.3"", ""scikit-learn"": ""1.9.0"", ""torch"": ""2.12.0""}"
compas,logreg,sex,prune:0.5,3,5,2,0,0.0,,6,7ff12083fcf1,3.11.15,"{""numpy"": ""1.26.4"", ""pandas"": ""3.0.3"", ""scikit-learn"": ""1.9.0"", ""torch"": ""2.12.0""}"
compas,logreg,sex,prune:0.7,3,5,2,0,0.0,,6,26ffab66af90,3.11.15,"{""numpy"": ""1.26.4"", ""pandas"": ""3.0.3"", ""scikit-learn"": ""1.9.0"", ""torch"": ""2.12.0""}"
compas,logreg,sex,prune:0.9,3,5,2,0,0.0,,6,d3be0c9c6bdc,3.11.15,"{""numpy"": ""1.26.4"", ""pandas"": ""3.0.3"", ""scikit-learn"": ""1.9.0"", ""torch"": ""2.12.0""}"
compas,logreg,race,none,3,5,6,0,0.0,,6,49f989c2fd5c,3.11.15,"{""numpy"": ""1.26.4"", ""pandas"": ""3.0.3"", ""scikit-learn"": ""1.9.0"", ""torch"": ""2.12.0""}"
compas,logreg,race,prune:0.3,3,5,6,0,0.0,,6,a17f8572d6dc,3.11.15,"{""numpy"": ""1.26.4"", ""pandas"": ""3.0.3"", ""scikit-learn"": ""1.9.0"", ""torch"": ""2.12.0""}"
compas,logreg,race,prune:0.5,3,5,6,0,0.0,,6,643a0ebe03bd,3.11.15,"{""numpy"": ""1.26.4"", ""pandas"": ""3.0.3"", ""scikit-learn"": ""1.9.0"", ""torch"": ""2.12.0""}"
compas,logreg,race,prune:0.7,3,5,6,0,0.0,,6,9b627bc36b8d,3.11.15,"{""numpy"": ""1.26.4"", ""pandas"": ""3.0.3"", ""scikit-learn"": ""1.9.0"", ""torch"": ""2.12.0""}"
compas,logreg,race,prune:0.9,3,5,6,0,0.0,,6,fa20c02fb3b2,3.11.15,"{""numpy"": ""1.26.4"", ""pandas"": ""3.0.3"", ""scikit-learn"": ""1.9.0"", ""torch"": ""2.12.0""}"
compas,logreg,sex,none,3,5,2,0,0.0,,7,c0b2085f74d2,3.11.15,"{""numpy"": ""1.26.4"", ""pandas"": ""3.0.3"", ""scikit-learn"": ""1.9.0"", ""torch"": ""2.12.0""}"
compas,logreg,sex,prune:0.3,3,5,2,0,0.0,,7,7573a4c8cf02,3.11.15,"{""numpy"": ""1.26.4"", ""pandas"": ""3.0.3"", ""scikit-learn"": ""1.9.0"", ""torch"": ""2.12.0""}"
compas,logreg,sex,prune:0.5,3,5,2,0,0.0,,7,a81ba6b46d4b,3.11.15,"{""numpy"": ""1.26.4"", ""pandas"": ""3.0.3"", ""scikit-learn"": ""1.9.0"", ""torch"": ""2.12.0""}"
compas,logreg,sex,prune:0.7,3,5,2,0,0.0,,7,97feeef3dcf7,3.11.15,"{""numpy"": ""1.26.4"", ""pandas"": ""3.0.3"", ""scikit-learn"": ""1.9.0"", ""torch"": ""2.12.0""}"
compas,logreg,sex,prune:0.9,3,5,2,0,0.0,,7,4addd5a479ce,3.11.15,"{""numpy"": ""1.26.4"", ""pandas"": ""3.0.3"", ""scikit-learn"": ""1.9.0"", ""torch"": ""2.12.0""}"
compas,logreg,race,none,3,5,6,2,0.666667,juv_fel_count|juv_other_count,7,1c7292b7c0d9,3.11.15,"{""numpy"": ""1.26.4"", ""pandas"": ""3.0.3"", ""scikit-learn"": ""1.9.0"", ""torch"": ""2.12.0""}"
compas,logreg,race,prune:0.3,3,5,6,0,0.0,,7,4e2182c7638d,3.11.15,"{""numpy"": ""1.26.4"", ""pandas"": ""3.0.3"", ""scikit-learn"": ""1.9.0"", ""torch"": ""2.12.0""}"
compas,logreg,race,prune:0.5,3,5,6,0,0.0,,7,3ffd24d0b83b,3.11.15,"{""numpy"": ""1.26.4"", ""pandas"": ""3.0.3"", ""scikit-learn"": ""1.9.0"", ""torch"": ""2.12.0""}"
compas,logreg,race,prune:0.7,3,5,6,0,0.0,,7,b619321aeda4,3.11.15,"{""numpy"": ""1.26.4"", ""pandas"": ""3.0.3"", ""scikit-learn"": ""1.9.0"", ""torch"": ""2.12.0""}"
compas,logreg,race,prune:0.9,3,5,6,0,0.0,,7,c811ef03e7af,3.11.15,"{""numpy"": ""1.26.4"", ""pandas"": ""3.0.3"", ""scikit-learn"": ""1.9.0"", ""torch"": ""2.12.0""}"
compas,logreg,sex,none,3,5,2,0,0.0,,8,c71d33198e00,3.11.15,"{""numpy"": ""1.26.4"", ""pandas"": ""3.0.3"", ""scikit-learn"": ""1.9.0"", ""torch"": ""2.12.0""}"
compas,logreg,sex,prune:0.3,3,5,2,0,0.0,,8,d54f7cbdaac8,3.11.15,"{""numpy"": ""1.26.4"", ""pandas"": ""3.0.3"", ""scikit-learn"": ""1.9.0"", ""torch"": ""2.12.0""}"
compas,logreg,sex,prune:0.5,3,5,2,0,0.0,,8,8de6b6921219,3.11.15,"{""numpy"": ""1.26.4"", ""pandas"": ""3.0.3"", ""scikit-learn"": ""1.9.0"", ""torch"": ""2.12.0""}"
compas,logreg,sex,prune:0.7,3,5,2,0,0.0,,8,fb3c478d09ca,3.11.15,"{""numpy"": ""1.26.4"", ""pandas"": ""3.0.3"", ""scikit-learn"": ""1.9.0"", ""torch"": ""2.12.0""}"
compas,logreg,sex,prune:0.9,3,5,2,0,0.0,,8,6461ba42769c,3.11.15,"{""numpy"": ""1.26.4"", ""pandas"": ""3.0.3"", ""scikit-learn"": ""1.9.0"", ""torch"": ""2.12.0""}"
compas,logreg,race,none,3,5,6,0,0.0,,8,fd1a08606523,3.11.15,"{""numpy"": ""1.26.4"", ""pandas"": ""3.0.3"", ""scikit-learn"": ""1.9.0"", ""torch"": ""2.12.0""}"
compas,logreg,race,prune:0.3,3,5,6,0,0.0,,8,427de2a14dfa,3.11.15,"{""numpy"": ""1.26.4"", ""pandas"": ""3.0.3"", ""scikit-learn"": ""1.9.0"", ""torch"": ""2.12.0""}"
compas,logreg,race,prune:0.5,3,5,6,0,0.0,,8,a05911ebf074,3.11.15,"{""numpy"": ""1.26.4"", ""pandas"": ""3.0.3"", ""scikit-learn"": ""1.9.0"", ""torch"": ""2.12.0""}"
compas,logreg,race,prune:0.7,3,5,6,0,0.0,,8,a293d34ccc4f,3.11.15,"{""numpy"": ""1.26.4"", ""pandas"": ""3.0.3"", ""scikit-learn"": ""1.9.0"", ""torch"": ""2.12.0""}"
compas,logreg,race,prune:0.9,3,5,6,0,0.0,,8,47756d747b44,3.11.15,"{""numpy"": ""1.26.4"", ""pandas"": ""3.0.3"", ""scikit-learn"": ""1.9.0"", ""torch"": ""2.12.0""}"
compas,logreg,sex,none,3,5,2,0,0.0,,9,f48a0e4987ef,3.11.15,"{""numpy"": ""1.26.4"", ""pandas"": ""3.0.3"", ""scikit-learn"": ""1.9.0"", ""torch"": ""2.12.0""}"
compas,logreg,sex,prune:0.3,3,5,2,0,0.0,,9,e7d4eef65b59,3.11.15,"{""numpy"": ""1.26.4"", ""pandas"": ""3.0.3"", ""scikit-learn"": ""1.9.0"", ""torch"": ""2.12.0""}"
compas,logreg,sex,prune:0.5,3,5,2,0,0.0,,9,89c57dda3c38,3.11.15,"{""numpy"": ""1.26.4"", ""pandas"": ""3.0.3"", ""scikit-learn"": ""1.9.0"", ""torch"": ""2.12.0""}"
compas,logreg,sex,prune:0.7,3,5,2,0,0.0,,9,ab42ee74b998,3.11.15,"{""numpy"": ""1.26.4"", ""pandas"": ""3.0.3"", ""scikit-learn"": ""1.9.0"", ""torch"": ""2.12.0""}"
compas,logreg,sex,prune:0.9,3,5,2,0,0.0,,9,dfefcc793201,3.11.15,"{""numpy"": ""1.26.4"", ""pandas"": ""3.0.3"", ""scikit-learn"": ""1.9.0"", ""torch"": ""2.12.0""}"
compas,logreg,race,none,3,5,6,2,0.666667,juv_fel_count|juv_other_count,9,9dc19e816783,3.11.15,"{""numpy"": ""1.26.4"", ""pandas"": ""3.0.3"", ""scikit-learn"": ""1.9.0"", ""torch"": ""2.12.0""}"
compas,logreg,race,prune:0.3,3,5,6,0,0.0,,9,272ba9a51521,3.11.15,"{""numpy"": ""1.26.4"", ""pandas"": ""3.0.3"", ""scikit-learn"": ""1.9.0"", ""torch"": ""2.12.0""}"
compas,logreg,race,prune:0.5,3,5,6,0,0.0,,9,70874b44bdd8,3.11.15,"{""numpy"": ""1.26.4"", ""pandas"": ""3.0.3"", ""scikit-learn"": ""1.9.0"", ""torch"": ""2.12.0""}"
compas,logreg,race,prune:0.7,3,5,6,0,0.0,,9,5f58fbf1eeb0,3.11.15,"{""numpy"": ""1.26.4"", ""pandas"": ""3.0.3"", ""scikit-learn"": ""1.9.0"", ""torch"": ""2.12.0""}"
compas,logreg,race,prune:0.9,3,5,6,0,0.0,,9,9bfd1d6592f6,3.11.15,"{""numpy"": ""1.26.4"", ""pandas"": ""3.0.3"", ""scikit-learn"": ""1.9.0"", ""torch"": ""2.12.0""}"
compas,mlp,sex,none,3,5,2,0,0.0,,0,bad525ff2f33,3.11.15,"{""numpy"": ""1.26.4"", ""pandas"": ""3.0.3"", ""scikit-learn"": ""1.9.0"", ""torch"": ""2.12.0""}"
compas,mlp,sex,prune:0.3,3,5,2,0,0.0,,0,848c7f339525,3.11.15,"{""numpy"": ""1.26.4"", ""pandas"": ""3.0.3"", ""scikit-learn"": ""1.9.0"", ""torch"": ""2.12.0""}"
compas,mlp,sex,prune:0.5,3,5,2,0,0.0,,0,b172b18c00d3,3.11.15,"{""numpy"": ""1.26.4"", ""pandas"": ""3.0.3"", ""scikit-learn"": ""1.9.0"", ""torch"": ""2.12.0""}"
compas,mlp,sex,prune:0.7,3,5,2,0,0.0,,0,2dfdffbe3cdc,3.11.15,"{""numpy"": ""1.26.4"", ""pandas"": ""3.0.3"", ""scikit-learn"": ""1.9.0"", ""torch"": ""2.12.0""}"
compas,mlp,sex,prune:0.9,3,5,2,0,0.0,,0,e5f0782f00c8,3.11.15,"{""numpy"": ""1.26.4"", ""pandas"": ""3.0.3"", ""scikit-learn"": ""1.9.0"", ""torch"": ""2.12.0""}"
compas,mlp,race,none,3,5,6,2,0.666667,juv_misd_count|juv_other_count,0,1b0cd0ba0bea,3.11.15,"{""numpy"": ""1.26.4"", ""pandas"": ""3.0.3"", ""scikit-learn"": ""1.9.0"", ""torch"": ""2.12.0""}"
compas,mlp,race,prune:0.3,3,5,6,2,0.666667,juv_misd_count|juv_other_count,0,1ee323ea4ac5,3.11.15,"{""numpy"": ""1.26.4"", ""pandas"": ""3.0.3"", ""scikit-learn"": ""1.9.0"", ""torch"": ""2.12.0""}"
compas,mlp,race,prune:0.5,3,5,6,3,1.0,juv_fel_count|juv_misd_count|juv_other_count,0,cdf6a3462867,3.11.15,"{""numpy"": ""1.26.4"", ""pandas"": ""3.0.3"", ""scikit-learn"": ""1.9.0"", ""torch"": ""2.12.0""}"
compas,mlp,race,prune:0.7,3,5,6,2,0.666667,juv_fel_count|juv_other_count,0,01bab8998eab,3.11.15,"{""numpy"": ""1.26.4"", ""pandas"": ""3.0.3"", ""scikit-learn"": ""1.9.0"", ""torch"": ""2.12.0""}"
compas,mlp,race,prune:0.9,3,5,6,4,1.333333,juv_fel_count|juv_misd_count|juv_other_count|priors_count,0,31a1687516f1,3.11.15,"{""numpy"": ""1.26.4"", ""pandas"": ""3.0.3"", ""scikit-learn"": ""1.9.0"", ""torch"": ""2.12.0""}"
compas,mlp,sex,none,3,5,2,0,0.0,,1,2e2adb242f46,3.11.15,"{""numpy"": ""1.26.4"", ""pandas"": ""3.0.3"", ""scikit-learn"": ""1.9.0"", ""torch"": ""2.12.0""}"
compas,mlp,sex,prune:0.3,3,5,2,0,0.0,,1,21f25a9e6ea6,3.11.15,"{""numpy"": ""1.26.4"", ""pandas"": ""3.0.3"", ""scikit-learn"": ""1.9.0"", ""torch"": ""2.12.0""}"
compas,mlp,sex,prune:0.5,3,5,2,0,0.0,,1,c0b75b408540,3.11.15,"{""numpy"": ""1.26.4"", ""pandas"": ""3.0.3"", ""scikit-learn"": ""1.9.0"", ""torch"": ""2.12.0""}"
compas,mlp,sex,prune:0.7,3,5,2,0,0.0,,1,9adc43c7866f,3.11.15,"{""numpy"": ""1.26.4"", ""pandas"": ""3.0.3"", ""scikit-learn"": ""1.9.0"", ""torch"": ""2.12.0""}"
compas,mlp,sex,prune:0.9,3,5,2,0,0.0,,1,cf20650d4545,3.11.15,"{""numpy"": ""1.26.4"", ""pandas"": ""3.0.3"", ""scikit-learn"": ""1.9.0"", ""torch"": ""2.12.0""}"
compas,mlp,race,none,3,5,6,0,0.0,,1,3f54630b38fa,3.11.15,"{""numpy"": ""1.26.4"", ""pandas"": ""3.0.3"", ""scikit-learn"": ""1.9.0"", ""torch"": ""2.12.0""}"
compas,mlp,race,prune:0.3,3,5,6,0,0.0,,1,6808f5e37802,3.11.15,"{""numpy"": ""1.26.4"", ""pandas"": ""3.0.3"", ""scikit-learn"": ""1.9.0"", ""torch"": ""2.12.0""}"
compas,mlp,race,prune:0.5,3,5,6,2,0.666667,juv_misd_count|juv_other_count,1,18a887ea2934,3.11.15,"{""numpy"": ""1.26.4"", ""pandas"": ""3.0.3"", ""scikit-learn"": ""1.9.0"", ""torch"": ""2.12.0""}"
compas,mlp,race,prune:0.7,3,5,6,0,0.0,,1,ce4ca696a4c5,3.11.15,"{""numpy"": ""1.26.4"", ""pandas"": ""3.0.3"", ""scikit-learn"": ""1.9.0"", ""torch"": ""2.12.0""}"
compas,mlp,race,prune:0.9,3,5,6,4,1.333333,juv_fel_count|juv_misd_count|juv_other_count|priors_count,1,00227bda654d,3.11.15,"{""numpy"": ""1.26.4"", ""pandas"": ""3.0.3"", ""scikit-learn"": ""1.9.0"", ""torch"": ""2.12.0""}"
compas,mlp,sex,none,3,5,2,0,0.0,,2,b44a05d5ac11,3.11.15,"{""numpy"": ""1.26.4"", ""pandas"": ""3.0.3"", ""scikit-learn"": ""1.9.0"", ""torch"": ""2.12.0""}"
compas,mlp,sex,prune:0.3,3,5,2,0,0.0,,2,5da13e783597,3.11.15,"{""numpy"": ""1.26.4"", ""pandas"": ""3.0.3"", ""scikit-learn"": ""1.9.0"", ""torch"": ""2.12.0""}"
compas,mlp,sex,prune:0.5,3,5,2,0,0.0,,2,5809396ea2c2,3.11.15,"{""numpy"": ""1.26.4"", ""pandas"": ""3.0.3"", ""scikit-learn"": ""1.9.0"", ""torch"": ""2.12.0""}"
compas,mlp,sex,prune:0.7,3,5,2,0,0.0,,2,1a4b551eb70b,3.11.15,"{""numpy"": ""1.26.4"", ""pandas"": ""3.0.3"", ""scikit-learn"": ""1.9.0"", ""torch"": ""2.12.0""}"
compas,mlp,sex,prune:0.9,3,5,2,0,0.0,,2,3977b829c03d,3.11.15,"{""numpy"": ""1.26.4"", ""pandas"": ""3.0.3"", ""scikit-learn"": ""1.9.0"", ""torch"": ""2.12.0""}"
compas,mlp,race,none,3,5,6,2,0.666667,juv_fel_count|juv_other_count,2,161fd5de755a,3.11.15,"{""numpy"": ""1.26.4"", ""pandas"": ""3.0.3"", ""scikit-learn"": ""1.9.0"", ""torch"": ""2.12.0""}"
compas,mlp,race,prune:0.3,3,5,6,0,0.0,,2,a1e704e5abe4,3.11.15,"{""numpy"": ""1.26.4"", ""pandas"": ""3.0.3"", ""scikit-learn"": ""1.9.0"", ""torch"": ""2.12.0""}"
compas,mlp,race,prune:0.5,3,5,6,2,0.666667,juv_fel_count|juv_other_count,2,52da0dbf87e4,3.11.15,"{""numpy"": ""1.26.4"", ""pandas"": ""3.0.3"", ""scikit-learn"": ""1.9.0"", ""torch"": ""2.12.0""}"
compas,mlp,race,prune:0.7,3,5,6,0,0.0,,2,f8a821bde16c,3.11.15,"{""numpy"": ""1.26.4"", ""pandas"": ""3.0.3"", ""scikit-learn"": ""1.9.0"", ""torch"": ""2.12.0""}"
compas,mlp,race,prune:0.9,3,5,6,5,1.666667,age|juv_fel_count|juv_misd_count|juv_other_count|priors_count,2,4cb02e166dc5,3.11.15,"{""numpy"": ""1.26.4"", ""pandas"": ""3.0.3"", ""scikit-learn"": ""1.9.0"", ""torch"": ""2.12.0""}"
compas,mlp,sex,none,3,5,2,2,0.666667,juv_misd_count|juv_other_count,3,3f5f1d06b400,3.11.15,"{""numpy"": ""1.26.4"", ""pandas"": ""3.0.3"", ""scikit-learn"": ""1.9.0"", ""torch"": ""2.12.0""}"
compas,mlp,sex,prune:0.3,3,5,2,2,0.666667,juv_misd_count|juv_other_count,3,f36cd5831e4b,3.11.15,"{""numpy"": ""1.26.4"", ""pandas"": ""3.0.3"", ""scikit-learn"": ""1.9.0"", ""torch"": ""2.12.0""}"
compas,mlp,sex,prune:0.5,3,5,2,2,0.666667,juv_misd_count|juv_other_count,3,fe7da76ace57,3.11.15,"{""numpy"": ""1.26.4"", ""pandas"": ""3.0.3"", ""scikit-learn"": ""1.9.0"", ""torch"": ""2.12.0""}"
compas,mlp,sex,prune:0.7,3,5,2,0,0.0,,3,bd43c720cff1,3.11.15,"{""numpy"": ""1.26.4"", ""pandas"": ""3.0.3"", ""scikit-learn"": ""1.9.0"", ""torch"": ""2.12.0""}"
compas,mlp,sex,prune:0.9,3,5,2,0,0.0,,3,93a223997aa0,3.11.15,"{""numpy"": ""1.26.4"", ""pandas"": ""3.0.3"", ""scikit-learn"": ""1.9.0"", ""torch"": ""2.12.0""}"
compas,mlp,race,none,3,5,6,0,0.0,,3,3bcbcbb99cee,3.11.15,"{""numpy"": ""1.26.4"", ""pandas"": ""3.0.3"", ""scikit-learn"": ""1.9.0"", ""torch"": ""2.12.0""}"
compas,mlp,race,prune:0.3,3,5,6,2,0.666667,juv_fel_count|juv_other_count,3,3cac8ae2444e,3.11.15,"{""numpy"": ""1.26.4"", ""pandas"": ""3.0.3"", ""scikit-learn"": ""1.9.0"", ""torch"": ""2.12.0""}"
compas,mlp,race,prune:0.5,3,5,6,3,1.0,juv_fel_count|juv_misd_count|juv_other_count,3,28516efef7c6,3.11.15,"{""numpy"": ""1.26.4"", ""pandas"": ""3.0.3"", ""scikit-learn"": ""1.9.0"", ""torch"": ""2.12.0""}"
compas,mlp,race,prune:0.7,3,5,6,2,0.666667,juv_fel_count|juv_other_count,3,2cf7f5871039,3.11.15,"{""numpy"": ""1.26.4"", ""pandas"": ""3.0.3"", ""scikit-learn"": ""1.9.0"", ""torch"": ""2.12.0""}"
compas,mlp,race,prune:0.9,3,5,6,3,1.0,juv_fel_count|juv_misd_count|priors_count,3,d0921f8f9506,3.11.15,"{""numpy"": ""1.26.4"", ""pandas"": ""3.0.3"", ""scikit-learn"": ""1.9.0"", ""torch"": ""2.12.0""}"
compas,mlp,sex,none,3,5,2,0,0.0,,4,6e29b603183d,3.11.15,"{""numpy"": ""1.26.4"", ""pandas"": ""3.0.3"", ""scikit-learn"": ""1.9.0"", ""torch"": ""2.12.0""}"
compas,mlp,sex,prune:0.3,3,5,2,0,0.0,,4,69bb4a018337,3.11.15,"{""numpy"": ""1.26.4"", ""pandas"": ""3.0.3"", ""scikit-learn"": ""1.9.0"", ""torch"": ""2.12.0""}"
compas,mlp,sex,prune:0.5,3,5,2,0,0.0,,4,e20cc7a99500,3.11.15,"{""numpy"": ""1.26.4"", ""pandas"": ""3.0.3"", ""scikit-learn"": ""1.9.0"", ""torch"": ""2.12.0""}"
compas,mlp,sex,prune:0.7,3,5,2,0,0.0,,4,c7717b7ffe18,3.11.15,"{""numpy"": ""1.26.4"", ""pandas"": ""3.0.3"", ""scikit-learn"": ""1.9.0"", ""torch"": ""2.12.0""}"
compas,mlp,sex,prune:0.9,3,5,2,0,0.0,,4,5392b916d63b,3.11.15,"{""numpy"": ""1.26.4"", ""pandas"": ""3.0.3"", ""scikit-learn"": ""1.9.0"", ""torch"": ""2.12.0""}"
compas,mlp,race,none,3,5,6,0,0.0,,4,f2fa45b345d5,3.11.15,"{""numpy"": ""1.26.4"", ""pandas"": ""3.0.3"", ""scikit-learn"": ""1.9.0"", ""torch"": ""2.12.0""}"
compas,mlp,race,prune:0.3,3,5,6,0,0.0,,4,f0d3c61321f7,3.11.15,"{""numpy"": ""1.26.4"", ""pandas"": ""3.0.3"", ""scikit-learn"": ""1.9.0"", ""torch"": ""2.12.0""}"
compas,mlp,race,prune:0.5,3,5,6,0,0.0,,4,928993d4f588,3.11.15,"{""numpy"": ""1.26.4"", ""pandas"": ""3.0.3"", ""scikit-learn"": ""1.9.0"", ""torch"": ""2.12.0""}"
compas,mlp,race,prune:0.7,3,5,6,0,0.0,,4,04cabd4e4f05,3.11.15,"{""numpy"": ""1.26.4"", ""pandas"": ""3.0.3"", ""scikit-learn"": ""1.9.0"", ""torch"": ""2.12.0""}"
compas,mlp,race,prune:0.9,3,5,6,4,1.333333,juv_fel_count|juv_misd_count|juv_other_count|priors_count,4,ad1358199a2a,3.11.15,"{""numpy"": ""1.26.4"", ""pandas"": ""3.0.3"", ""scikit-learn"": ""1.9.0"", ""torch"": ""2.12.0""}"
compas,mlp,sex,none,3,5,2,0,0.0,,5,74f1e96c6262,3.11.15,"{""numpy"": ""1.26.4"", ""pandas"": ""3.0.3"", ""scikit-learn"": ""1.9.0"", ""torch"": ""2.12.0""}"
compas,mlp,sex,prune:0.3,3,5,2,0,0.0,,5,59a8ba1f381f,3.11.15,"{""numpy"": ""1.26.4"", ""pandas"": ""3.0.3"", ""scikit-learn"": ""1.9.0"", ""torch"": ""2.12.0""}"
compas,mlp,sex,prune:0.5,3,5,2,0,0.0,,5,2a822caa9d13,3.11.15,"{""numpy"": ""1.26.4"", ""pandas"": ""3.0.3"", ""scikit-learn"": ""1.9.0"", ""torch"": ""2.12.0""}"
compas,mlp,sex,prune:0.7,3,5,2,0,0.0,,5,baaf6b8167b0,3.11.15,"{""numpy"": ""1.26.4"", ""pandas"": ""3.0.3"", ""scikit-learn"": ""1.9.0"", ""torch"": ""2.12.0""}"
compas,mlp,sex,prune:0.9,3,5,2,0,0.0,,5,63b41fb92a11,3.11.15,"{""numpy"": ""1.26.4"", ""pandas"": ""3.0.3"", ""scikit-learn"": ""1.9.0"", ""torch"": ""2.12.0""}"
compas,mlp,race,none,3,5,6,0,0.0,,5,d88497878408,3.11.15,"{""numpy"": ""1.26.4"", ""pandas"": ""3.0.3"", ""scikit-learn"": ""1.9.0"", ""torch"": ""2.12.0""}"
compas,mlp,race,prune:0.3,3,5,6,0,0.0,,5,d5305e45b662,3.11.15,"{""numpy"": ""1.26.4"", ""pandas"": ""3.0.3"", ""scikit-learn"": ""1.9.0"", ""torch"": ""2.12.0""}"
compas,mlp,race,prune:0.5,3,5,6,0,0.0,,5,631f66c8f06a,3.11.15,"{""numpy"": ""1.26.4"", ""pandas"": ""3.0.3"", ""scikit-learn"": ""1.9.0"", ""torch"": ""2.12.0""}"
compas,mlp,race,prune:0.7,3,5,6,0,0.0,,5,fd572085c8a3,3.11.15,"{""numpy"": ""1.26.4"", ""pandas"": ""3.0.3"", ""scikit-learn"": ""1.9.0"", ""torch"": ""2.12.0""}"
compas,mlp,race,prune:0.9,3,5,6,0,0.0,,5,e7a80868c56b,3.11.15,"{""numpy"": ""1.26.4"", ""pandas"": ""3.0.3"", ""scikit-learn"": ""1.9.0"", ""torch"": ""2.12.0""}"
compas,mlp,sex,none,3,5,2,0,0.0,,6,7df908944fbe,3.11.15,"{""numpy"": ""1.26.4"", ""pandas"": ""3.0.3"", ""scikit-learn"": ""1.9.0"", ""torch"": ""2.12.0""}"
compas,mlp,sex,prune:0.3,3,5,2,0,0.0,,6,c7f37739b191,3.11.15,"{""numpy"": ""1.26.4"", ""pandas"": ""3.0.3"", ""scikit-learn"": ""1.9.0"", ""torch"": ""2.12.0""}"
compas,mlp,sex,prune:0.5,3,5,2,0,0.0,,6,49c35856baac,3.11.15,"{""numpy"": ""1.26.4"", ""pandas"": ""3.0.3"", ""scikit-learn"": ""1.9.0"", ""torch"": ""2.12.0""}"
compas,mlp,sex,prune:0.7,3,5,2,0,0.0,,6,a90e9a9e961d,3.11.15,"{""numpy"": ""1.26.4"", ""pandas"": ""3.0.3"", ""scikit-learn"": ""1.9.0"", ""torch"": ""2.12.0""}"
compas,mlp,sex,prune:0.9,3,5,2,0,0.0,,6,42fa32c2822d,3.11.15,"{""numpy"": ""1.26.4"", ""pandas"": ""3.0.3"", ""scikit-learn"": ""1.9.0"", ""torch"": ""2.12.0""}"
compas,mlp,race,none,3,5,6,0,0.0,,6,5bfca8715ec2,3.11.15,"{""numpy"": ""1.26.4"", ""pandas"": ""3.0.3"", ""scikit-learn"": ""1.9.0"", ""torch"": ""2.12.0""}"
compas,mlp,race,prune:0.3,3,5,6,0,0.0,,6,308ddafca0ce,3.11.15,"{""numpy"": ""1.26.4"", ""pandas"": ""3.0.3"", ""scikit-learn"": ""1.9.0"", ""torch"": ""2.12.0""}"
compas,mlp,race,prune:0.5,3,5,6,0,0.0,,6,fc33e819736f,3.11.15,"{""numpy"": ""1.26.4"", ""pandas"": ""3.0.3"", ""scikit-learn"": ""1.9.0"", ""torch"": ""2.12.0""}"
compas,mlp,race,prune:0.7,3,5,6,2,0.666667,age|juv_fel_count,6,cef3f999603b,3.11.15,"{""numpy"": ""1.26.4"", ""pandas"": ""3.0.3"", ""scikit-learn"": ""1.9.0"", ""torch"": ""2.12.0""}"
compas,mlp,race,prune:0.9,3,5,6,2,0.666667,juv_fel_count|priors_count,6,cb892292689b,3.11.15,"{""numpy"": ""1.26.4"", ""pandas"": ""3.0.3"", ""scikit-learn"": ""1.9.0"", ""torch"": ""2.12.0""}"
compas,mlp,sex,none,3,5,2,0,0.0,,7,eb20173b0497,3.11.15,"{""numpy"": ""1.26.4"", ""pandas"": ""3.0.3"", ""scikit-learn"": ""1.9.0"", ""torch"": ""2.12.0""}"
compas,mlp,sex,prune:0.3,3,5,2,0,0.0,,7,c9622da3d833,3.11.15,"{""numpy"": ""1.26.4"", ""pandas"": ""3.0.3"", ""scikit-learn"": ""1.9.0"", ""torch"": ""2.12.0""}"
compas,mlp,sex,prune:0.5,3,5,2,0,0.0,,7,d4cb986cc579,3.11.15,"{""numpy"": ""1.26.4"", ""pandas"": ""3.0.3"", ""scikit-learn"": ""1.9.0"", ""torch"": ""2.12.0""}"
compas,mlp,sex,prune:0.7,3,5,2,0,0.0,,7,023a5aa7a123,3.11.15,"{""numpy"": ""1.26.4"", ""pandas"": ""3.0.3"", ""scikit-learn"": ""1.9.0"", ""torch"": ""2.12.0""}"
compas,mlp,sex,prune:0.9,3,5,2,0,0.0,,7,5751964bf9d4,3.11.15,"{""numpy"": ""1.26.4"", ""pandas"": ""3.0.3"", ""scikit-learn"": ""1.9.0"", ""torch"": ""2.12.0""}"
compas,mlp,race,none,3,5,6,2,0.666667,juv_fel_count|juv_other_count,7,c256efc0b4f8,3.11.15,"{""numpy"": ""1.26.4"", ""pandas"": ""3.0.3"", ""scikit-learn"": ""1.9.0"", ""torch"": ""2.12.0""}"
compas,mlp,race,prune:0.3,3,5,6,2,0.666667,juv_fel_count|juv_other_count,7,d7c5a20b4405,3.11.15,"{""numpy"": ""1.26.4"", ""pandas"": ""3.0.3"", ""scikit-learn"": ""1.9.0"", ""torch"": ""2.12.0""}"
compas,mlp,race,prune:0.5,3,5,6,2,0.666667,juv_fel_count|juv_other_count,7,68a4593442f3,3.11.15,"{""numpy"": ""1.26.4"", ""pandas"": ""3.0.3"", ""scikit-learn"": ""1.9.0"", ""torch"": ""2.12.0""}"
compas,mlp,race,prune:0.7,3,5,6,3,1.0,juv_fel_count|juv_misd_count|juv_other_count,7,b40ac7e4c241,3.11.15,"{""numpy"": ""1.26.4"", ""pandas"": ""3.0.3"", ""scikit-learn"": ""1.9.0"", ""torch"": ""2.12.0""}"
compas,mlp,race,prune:0.9,3,5,6,2,0.666667,juv_fel_count|juv_other_count,7,aebd83128fe3,3.11.15,"{""numpy"": ""1.26.4"", ""pandas"": ""3.0.3"", ""scikit-learn"": ""1.9.0"", ""torch"": ""2.12.0""}"
compas,mlp,sex,none,3,5,2,0,0.0,,8,d4233ddcd2df,3.11.15,"{""numpy"": ""1.26.4"", ""pandas"": ""3.0.3"", ""scikit-learn"": ""1.9.0"", ""torch"": ""2.12.0""}"
compas,mlp,sex,prune:0.3,3,5,2,0,0.0,,8,2d5ff94b103c,3.11.15,"{""numpy"": ""1.26.4"", ""pandas"": ""3.0.3"", ""scikit-learn"": ""1.9.0"", ""torch"": ""2.12.0""}"
compas,mlp,sex,prune:0.5,3,5,2,2,0.666667,juv_misd_count|juv_other_count,8,c4d488e792ce,3.11.15,"{""numpy"": ""1.26.4"", ""pandas"": ""3.0.3"", ""scikit-learn"": ""1.9.0"", ""torch"": ""2.12.0""}"
compas,mlp,sex,prune:0.7,3,5,2,0,0.0,,8,0e8862987521,3.11.15,"{""numpy"": ""1.26.4"", ""pandas"": ""3.0.3"", ""scikit-learn"": ""1.9.0"", ""torch"": ""2.12.0""}"
compas,mlp,sex,prune:0.9,3,5,2,2,0.666667,juv_fel_count|priors_count,8,035e3449e073,3.11.15,"{""numpy"": ""1.26.4"", ""pandas"": ""3.0.3"", ""scikit-learn"": ""1.9.0"", ""torch"": ""2.12.0""}"
compas,mlp,race,none,3,5,6,2,0.666667,juv_fel_count|juv_other_count,8,94eb9c60ea50,3.11.15,"{""numpy"": ""1.26.4"", ""pandas"": ""3.0.3"", ""scikit-learn"": ""1.9.0"", ""torch"": ""2.12.0""}"
compas,mlp,race,prune:0.3,3,5,6,2,0.666667,juv_misd_count|juv_other_count,8,8315f776f78c,3.11.15,"{""numpy"": ""1.26.4"", ""pandas"": ""3.0.3"", ""scikit-learn"": ""1.9.0"", ""torch"": ""2.12.0""}"
compas,mlp,race,prune:0.5,3,5,6,2,0.666667,juv_misd_count|juv_other_count,8,18cf39ec3e0e,3.11.15,"{""numpy"": ""1.26.4"", ""pandas"": ""3.0.3"", ""scikit-learn"": ""1.9.0"", ""torch"": ""2.12.0""}"
compas,mlp,race,prune:0.7,3,5,6,2,0.666667,juv_misd_count|juv_other_count,8,a0acc47f3275,3.11.15,"{""numpy"": ""1.26.4"", ""pandas"": ""3.0.3"", ""scikit-learn"": ""1.9.0"", ""torch"": ""2.12.0""}"
compas,mlp,race,prune:0.9,3,5,6,2,0.666667,juv_misd_count|juv_other_count,8,b5b2b588b0fa,3.11.15,"{""numpy"": ""1.26.4"", ""pandas"": ""3.0.3"", ""scikit-learn"": ""1.9.0"", ""torch"": ""2.12.0""}"
compas,mlp,sex,none,3,5,2,0,0.0,,9,3708bf65ff13,3.11.15,"{""numpy"": ""1.26.4"", ""pandas"": ""3.0.3"", ""scikit-learn"": ""1.9.0"", ""torch"": ""2.12.0""}"
compas,mlp,sex,prune:0.3,3,5,2,0,0.0,,9,10901ae61d2f,3.11.15,"{""numpy"": ""1.26.4"", ""pandas"": ""3.0.3"", ""scikit-learn"": ""1.9.0"", ""torch"": ""2.12.0""}"
compas,mlp,sex,prune:0.5,3,5,2,0,0.0,,9,a4e103e76655,3.11.15,"{""numpy"": ""1.26.4"", ""pandas"": ""3.0.3"", ""scikit-learn"": ""1.9.0"", ""torch"": ""2.12.0""}"
compas,mlp,sex,prune:0.7,3,5,2,2,0.666667,juv_misd_count|juv_other_count,9,324b1c1ecdd8,3.11.15,"{""numpy"": ""1.26.4"", ""pandas"": ""3.0.3"", ""scikit-learn"": ""1.9.0"", ""torch"": ""2.12.0""}"
compas,mlp,sex,prune:0.9,3,5,2,0,0.0,,9,50b4418ebbef,3.11.15,"{""numpy"": ""1.26.4"", ""pandas"": ""3.0.3"", ""scikit-learn"": ""1.9.0"", ""torch"": ""2.12.0""}"
compas,mlp,race,none,3,5,6,3,1.0,juv_fel_count|juv_misd_count|juv_other_count,9,c24370067b4f,3.11.15,"{""numpy"": ""1.26.4"", ""pandas"": ""3.0.3"", ""scikit-learn"": ""1.9.0"", ""torch"": ""2.12.0""}"
compas,mlp,race,prune:0.3,3,5,6,3,1.0,juv_fel_count|juv_misd_count|juv_other_count,9,8b6db04452a3,3.11.15,"{""numpy"": ""1.26.4"", ""pandas"": ""3.0.3"", ""scikit-learn"": ""1.9.0"", ""torch"": ""2.12.0""}"
compas,mlp,race,prune:0.5,3,5,6,3,1.0,juv_fel_count|juv_misd_count|juv_other_count,9,b3081fcb08d0,3.11.15,"{""numpy"": ""1.26.4"", ""pandas"": ""3.0.3"", ""scikit-learn"": ""1.9.0"", ""torch"": ""2.12.0""}"
compas,mlp,race,prune:0.7,3,5,6,4,1.333333,age|juv_fel_count|juv_misd_count|juv_other_count,9,3a48cf714ca7,3.11.15,"{""numpy"": ""1.26.4"", ""pandas"": ""3.0.3"", ""scikit-learn"": ""1.9.0"", ""torch"": ""2.12.0""}"
compas,mlp,race,prune:0.9,3,5,6,2,0.666667,juv_misd_count|priors_count,9,1f3854dc94c9,3.11.15,"{""numpy"": ""1.26.4"", ""pandas"": ""3.0.3"", ""scikit-learn"": ""1.9.0"", ""torch"": ""2.12.0""}"
